{"L":"\u001b[34mINFO\u001b[0m","T":"2026-02-11T21:16:46.478+0300","C":"api/main.go:27","M":"Logger initialized successfully","level":"debug","log_file":"logs/app.log","development":true,"encoding":"json"}
{"L":"\u001b[34mINFO\u001b[0m","T":"2026-02-11T21:16:46.478+0300","C":"api/main.go:40","M":"INTERNAL_INFO","info_msg":"Starting the go server","server_address":"localhost:8443"}
{"level":"\u001b[34mINFO\u001b[0m","timestamp":"2026-02-11T21:19:25.527+0300","caller":"api/main.go:27","message":"Logger initialized successfully","level":"debug","log_file":"logs/app.log","development":true,"encoding":"json"}
{"level":"\u001b[34mINFO\u001b[0m","timestamp":"2026-02-11T21:19:25.527+0300","caller":"api/main.go:40","message":"INTERNAL_INFO","info_msg":"Starting the go server","server_address":"localhost:8443"}
{"level":"INFO","timestamp":"2026-02-11T21:23:51.478+0300","caller":"api/main.go:27","message":"Logger initialized successfully","level":"debug","log_file":"logs/app.log","development":true}
{"level":"INFO","timestamp":"2026-02-11T21:23:51.479+0300","caller":"api/main.go:40","message":"INTERNAL_INFO","info_msg":"Starting the go server","server_address":"localhost:8443"}
{"level":"INFO","timestamp":"2026-02-14T12:55:31.279+0300","caller":"api/main.go:26","message":"Logger initialized successfully","level":"debug","log_file":"logs/app.log","development":true}
{"level":"INFO","timestamp":"2026-02-14T12:55:31.279+0300","caller":"api/main.go:39","message":"INTERNAL_INFO","info_msg":"Starting the go server","server_address":"localhost:8443"}
{"level":"INFO","timestamp":"2026-02-14T13:01:40.853+0300","caller":"api/main.go:30","message":"Logger initialized successfully","level":"debug","log_file":"logs/app.log","development":true}
{"level":"INFO","timestamp":"2026-02-14T13:01:40.853+0300","caller":"api/main.go:55","message":"INTERNAL_INFO","info_msg":"Starting the go server","server_address":"localhost:8443"}
{"level":"INFO","timestamp":"2026-02-14T13:01:40.894+0300","caller":"server/server.go:84","message":"INTERNAL_INFO","info_msg":"Self-signed TLS generated successfully..."}
{"level":"INFO","timestamp":"2026-02-14T13:07:24.192+0300","caller":"server/server.go:120","message":"INTERNAL_INFO","info_msg":"Shutdown signal recived","signal_type":"interrupt"}
{"level":"INFO","timestamp":"2026-02-14T13:07:24.192+0300","caller":"server/server.go:130","message":"INTERNAL_INFO","info_msg":"Shutting down the server..."}
{"level":"INFO","timestamp":"2026-02-14T13:07:24.192+0300","caller":"server/server.go:136","message":"INTERNAL_INFO","info_msg":"HTTP server shutdown gracefully..."}
{"level":"INFO","timestamp":"2026-02-14T13:46:55.198+0300","caller":"api/main.go:30","message":"Logger initialized successfully","level":"debug","log_file":"logs/app.log","development":true}
{"level":"INFO","timestamp":"2026-02-14T13:46:55.199+0300","caller":"api/main.go:55","message":"INTERNAL_INFO","info_msg":"Starting the go server","server_address":"localhost:8443"}
{"level":"INFO","timestamp":"2026-02-14T13:46:55.199+0300","caller":"server/server.go:73","message":"INTERNAL_INFO","info_msg":"Using an existing TLS certificate..."}
{"level":"INFO","timestamp":"2026-02-14T13:46:59.095+0300","caller":"server/server.go:120","message":"INTERNAL_INFO","info_msg":"Shutdown signal recived","signal_type":"interrupt"}
{"level":"INFO","timestamp":"2026-02-14T13:46:59.095+0300","caller":"server/server.go:130","message":"INTERNAL_INFO","info_msg":"Shutting down the server..."}
{"level":"INFO","timestamp":"2026-02-14T13:46:59.096+0300","caller":"server/server.go:136","message":"INTERNAL_INFO","info_msg":"HTTP server shutdown gracefully..."}
{"level":"INFO","timestamp":"2026-02-14T13:51:15.285+0300","caller":"api/main.go:30","message":"Logger initialized successfully","level":"debug","log_file":"logs/app.log","development":true}
{"level":"INFO","timestamp":"2026-02-14T13:51:15.285+0300","caller":"api/main.go:53","message":"INTERNAL_INFO","info_msg":"Starting the go server","server_address":"localhost:8443"}
{"level":"INFO","timestamp":"2026-02-14T13:51:15.285+0300","caller":"server/server.go:73","message":"INTERNAL_INFO","info_msg":"Using an existing TLS certificate..."}
{"level":"INFO","timestamp":"2026-02-14T13:51:16.677+0300","caller":"server/server.go:120","message":"INTERNAL_INFO","info_msg":"Shutdown signal recived","signal_type":"interrupt"}
{"level":"INFO","timestamp":"2026-02-14T13:51:16.677+0300","caller":"server/server.go:130","message":"INTERNAL_INFO","info_msg":"Shutting down the server..."}
{"level":"INFO","timestamp":"2026-02-14T13:51:16.677+0300","caller":"server/server.go:136","message":"INTERNAL_INFO","info_msg":"HTTP server shutdown gracefully..."}
{"level":"INFO","timestamp":"2026-02-14T13:54:04.008+0300","caller":"api/main.go:34","message":"Logger initialized successfully","level":"debug","log_file":"logs/app.log","development":true}
{"level":"INFO","timestamp":"2026-02-14T13:54:04.009+0300","caller":"api/main.go:60","message":"INTERNAL_INFO","info_msg":"Starting the go server","server_address":"localhost:8443"}
{"level":"INFO","timestamp":"2026-02-14T13:54:04.009+0300","caller":"server/server.go:73","message":"INTERNAL_INFO","info_msg":"Using an existing TLS certificate..."}
{"level":"INFO","timestamp":"2026-02-14T13:54:05.576+0300","caller":"server/server.go:120","message":"INTERNAL_INFO","info_msg":"Shutdown signal recived","signal_type":"interrupt"}
{"level":"INFO","timestamp":"2026-02-14T13:54:05.576+0300","caller":"server/server.go:130","message":"INTERNAL_INFO","info_msg":"Shutting down the server..."}
{"level":"INFO","timestamp":"2026-02-14T13:54:05.577+0300","caller":"server/server.go:136","message":"INTERNAL_INFO","info_msg":"HTTP server shutdown gracefully..."}
{"level":"INFO","timestamp":"2026-02-14T14:36:19.223+0300","caller":"api/main.go:34","message":"Logger initialized successfully","level":"debug","log_file":"logs/app.log","development":true}
{"level":"INFO","timestamp":"2026-02-14T14:36:19.223+0300","caller":"api/main.go:60","message":"INTERNAL_INFO","info_msg":"Starting the go server","server_address":"localhost:8443"}
{"level":"INFO","timestamp":"2026-02-14T14:36:19.223+0300","caller":"server/server.go:73","message":"INTERNAL_INFO","info_msg":"Using an existing TLS certificate..."}
{"level":"INFO","timestamp":"2026-02-14T14:36:45.142+0300","caller":"server/server.go:120","message":"INTERNAL_INFO","info_msg":"Shutdown signal recived","signal_type":"interrupt"}
{"level":"INFO","timestamp":"2026-02-14T14:36:45.143+0300","caller":"server/server.go:130","message":"INTERNAL_INFO","info_msg":"Shutting down the server..."}
{"level":"INFO","timestamp":"2026-02-14T14:36:45.143+0300","caller":"server/server.go:136","message":"INTERNAL_INFO","info_msg":"HTTP server shutdown gracefully..."}
{"level":"INFO","timestamp":"2026-02-17T21:59:57.409+0300","caller":"api/main.go:35","message":"Logger initialized successfully","level":"debug","log_file":"logs/app.log","development":true}
{"level":"INFO","timestamp":"2026-02-17T21:59:57.410+0300","caller":"api/main.go:61","message":"INTERNAL_INFO","info_msg":"Starting the go server","server_address":"localhost:8443"}
{"level":"INFO","timestamp":"2026-02-17T21:59:57.410+0300","caller":"server/server.go:74","message":"INTERNAL_INFO","info_msg":"Using an existing TLS certificate..."}
{"level":"INFO","timestamp":"2026-02-17T22:14:20.125+0300","caller":"api/main.go:35","message":"Logger initialized successfully","level":"debug","log_file":"logs/app.log","development":true}
{"level":"INFO","timestamp":"2026-02-17T22:14:20.125+0300","caller":"api/main.go:61","message":"INTERNAL_INFO","info_msg":"Starting the go server","server_address":"localhost:8443"}
{"level":"INFO","timestamp":"2026-02-17T22:14:20.125+0300","caller":"server/server.go:74","message":"INTERNAL_INFO","info_msg":"Using an existing TLS certificate..."}
{"level":"INFO","timestamp":"2026-02-17T22:14:34.516+0300","caller":"api/main.go:35","message":"Logger initialized successfully","level":"debug","log_file":"logs/app.log","development":true}
{"level":"INFO","timestamp":"2026-02-17T22:14:34.516+0300","caller":"api/main.go:61","message":"INTERNAL_INFO","info_msg":"Starting the go server","server_address":"localhost:8443"}
{"level":"INFO","timestamp":"2026-02-17T22:14:34.516+0300","caller":"server/server.go:74","message":"INTERNAL_INFO","info_msg":"Using an existing TLS certificate..."}
{"level":"INFO","timestamp":"2026-02-17T22:24:09.463+0300","caller":"api/main.go:35","message":"Logger initialized successfully","level":"debug","log_file":"logs/app.log","development":true}
{"level":"INFO","timestamp":"2026-02-17T22:24:09.463+0300","caller":"api/main.go:61","message":"INTERNAL_INFO","info_msg":"Starting the go server","server_address":"localhost:8443"}
{"level":"INFO","timestamp":"2026-02-17T22:24:09.463+0300","caller":"server/server.go:74","message":"INTERNAL_INFO","info_msg":"Using an existing TLS certificate..."}
{"level":"FATAL","timestamp":"2026-02-17T22:24:09.465+0300","caller":"server/server.go:118","message":"INTERNAL_ERROR","error_code":"FAILED_TO_START_SERVER_ERROR","error_msg":"unable to start http server","error":"failed to start HTTP server: listen tcp 127.0.0.1:8443: bind: address already in use","stacktrace":"uot-exam/internal/adapters/inbound/http/server.(*Server).waitForShutdownSignal\n\t/home/potato/Dev/final-project/internal/adapters/inbound/http/server/server.go:118\nuot-exam/internal/adapters/inbound/http/server.(*Server).startWithGracefulShutdown\n\t/home/potato/Dev/final-project/internal/adapters/inbound/http/server/server.go:106\nuot-exam/internal/adapters/inbound/http/server.(*Server).StartOverTLS\n\t/home/potato/Dev/final-project/internal/adapters/inbound/http/server/server.go:65\nmain.main\n\t/home/potato/Dev/final-project/cmd/api/main.go:64\nruntime.main\n\t/usr/lib/go/src/runtime/proc.go:285"}
{"level":"INFO","timestamp":"2026-02-17T22:24:39.063+0300","caller":"api/main.go:35","message":"Logger initialized successfully","level":"debug","log_file":"logs/app.log","development":true}
{"level":"INFO","timestamp":"2026-02-17T22:24:39.063+0300","caller":"api/main.go:61","message":"INTERNAL_INFO","info_msg":"Starting the go server","server_address":"localhost:8443"}
{"level":"INFO","timestamp":"2026-02-17T22:24:39.063+0300","caller":"server/server.go:74","message":"INTERNAL_INFO","info_msg":"Using an existing TLS certificate..."}
{"level":"FATAL","timestamp":"2026-02-17T22:24:39.065+0300","caller":"server/server.go:118","message":"INTERNAL_ERROR","error_code":"FAILED_TO_START_SERVER_ERROR","error_msg":"unable to start http server","error":"failed to start HTTP server: listen tcp 127.0.0.1:8443: bind: address already in use","stacktrace":"uot-exam/internal/adapters/inbound/http/server.(*Server).waitForShutdownSignal\n\t/home/potato/Dev/final-project/internal/adapters/inbound/http/server/server.go:118\nuot-exam/internal/adapters/inbound/http/server.(*Server).startWithGracefulShutdown\n\t/home/potato/Dev/final-project/internal/adapters/inbound/http/server/server.go:106\nuot-exam/internal/adapters/inbound/http/server.(*Server).StartOverTLS\n\t/home/potato/Dev/final-project/internal/adapters/inbound/http/server/server.go:65\nmain.main\n\t/home/potato/Dev/final-project/cmd/api/main.go:64\nruntime.main\n\t/usr/lib/go/src/runtime/proc.go:285"}
{"level":"INFO","timestamp":"2026-02-17T22:25:06.871+0300","caller":"api/main.go:35","message":"Logger initialized successfully","level":"debug","log_file":"logs/app.log","development":true}
{"level":"INFO","timestamp":"2026-02-17T22:25:06.871+0300","caller":"api/main.go:61","message":"INTERNAL_INFO","info_msg":"Starting the go server","server_address":"localhost:8443"}
{"level":"INFO","timestamp":"2026-02-17T22:25:06.871+0300","caller":"server/server.go:74","message":"INTERNAL_INFO","info_msg":"Using an existing TLS certificate..."}
{"level":"FATAL","timestamp":"2026-02-17T22:25:06.873+0300","caller":"server/server.go:118","message":"INTERNAL_ERROR","error_code":"FAILED_TO_START_SERVER_ERROR","error_msg":"unable to start http server","error":"failed to start HTTP server: listen tcp 127.0.0.1:8443: bind: address already in use","stacktrace":"uot-exam/internal/adapters/inbound/http/server.(*Server).waitForShutdownSignal\n\t/home/potato/Dev/final-project/internal/adapters/inbound/http/server/server.go:118\nuot-exam/internal/adapters/inbound/http/server.(*Server).startWithGracefulShutdown\n\t/home/potato/Dev/final-project/internal/adapters/inbound/http/server/server.go:106\nuot-exam/internal/adapters/inbound/http/server.(*Server).StartOverTLS\n\t/home/potato/Dev/final-project/internal/adapters/inbound/http/server/server.go:65\nmain.main\n\t/home/potato/Dev/final-project/cmd/api/main.go:64\nruntime.main\n\t/usr/lib/go/src/runtime/proc.go:285"}
{"level":"INFO","timestamp":"2026-02-17T22:25:14.957+0300","caller":"api/main.go:35","message":"Logger initialized successfully","level":"debug","log_file":"logs/app.log","development":true}
{"level":"INFO","timestamp":"2026-02-17T22:25:14.957+0300","caller":"api/main.go:61","message":"INTERNAL_INFO","info_msg":"Starting the go server","server_address":"localhost:8443"}
{"level":"INFO","timestamp":"2026-02-17T22:25:14.957+0300","caller":"server/server.go:74","message":"INTERNAL_INFO","info_msg":"Using an existing TLS certificate..."}
{"level":"INFO","timestamp":"2026-02-20T10:26:03.894+0300","caller":"api/main.go:35","message":"Logger initialized successfully","level":"debug","log_file":"logs/app.log","development":true}
{"level":"INFO","timestamp":"2026-02-20T10:26:03.895+0300","caller":"api/main.go:61","message":"INTERNAL_INFO","info_msg":"Starting the go server","server_address":"localhost:8443"}
{"level":"INFO","timestamp":"2026-02-20T10:26:03.895+0300","caller":"server/server.go:74","message":"INTERNAL_INFO","info_msg":"Using an existing TLS certificate..."}
{"level":"INFO","timestamp":"2026-02-20T10:36:50.738+0300","caller":"api/main.go:35","message":"Logger initialized successfully","level":"debug","log_file":"logs/app.log","development":true}
{"level":"INFO","timestamp":"2026-02-20T10:36:50.738+0300","caller":"api/main.go:61","message":"INTERNAL_INFO","info_msg":"Starting the go server","server_address":"localhost:8443"}
{"level":"INFO","timestamp":"2026-02-20T10:36:50.738+0300","caller":"server/server.go:74","message":"INTERNAL_INFO","info_msg":"Using an existing TLS certificate..."}
{"level":"INFO","timestamp":"2026-02-20T10:37:19.474+0300","caller":"api/main.go:37","message":"Logger initialized successfully","level":"debug","log_file":"logs/app.log","development":true}
{"level":"FATAL","timestamp":"2026-02-20T10:37:19.474+0300","caller":"api/main.go:66","message":"DATABASE_ERROR","error_code":"MONGODB_CONNECTION_ERROR","error_msg":"Database failed to connect","error":"error creating pool : MaxSize must be >= 1","stacktrace":"main.main\n\t/home/potato/Dev/final-project/cmd/api/main.go:66\nruntime.main\n\t/usr/lib/go/src/runtime/proc.go:285"}
{"level":"INFO","timestamp":"2026-02-20T10:37:40.009+0300","caller":"api/main.go:37","message":"Logger initialized successfully","level":"debug","log_file":"logs/app.log","development":true}
{"level":"FATAL","timestamp":"2026-02-20T10:37:40.009+0300","caller":"api/main.go:66","message":"DATABASE_ERROR","error_code":"MONGODB_CONNECTION_ERROR","error_msg":"Database failed to connect","error":"error creating pool : MaxSize must be >= 1","stacktrace":"main.main\n\t/home/potato/Dev/final-project/cmd/api/main.go:66\nruntime.main\n\t/usr/lib/go/src/runtime/proc.go:285"}
{"level":"INFO","timestamp":"2026-02-20T10:37:51.705+0300","caller":"api/main.go:35","message":"Logger initialized successfully","level":"debug","log_file":"logs/app.log","development":true}
{"level":"INFO","timestamp":"2026-02-20T10:37:51.705+0300","caller":"api/main.go:79","message":"INTERNAL_INFO","info_msg":"Starting the go server","server_address":"localhost:8443"}
{"level":"INFO","timestamp":"2026-02-20T10:37:51.705+0300","caller":"server/server.go:74","message":"INTERNAL_INFO","info_msg":"Using an existing TLS certificate..."}
{"level":"INFO","timestamp":"2026-02-20T11:00:43.615+0300","caller":"api/main.go:37","message":"Logger initialized successfully","level":"debug","log_file":"logs/app.log","development":true}
{"level":"FATAL","timestamp":"2026-02-20T11:00:43.615+0300","caller":"api/main.go:66","message":"DATABASE_ERROR","error_code":"MONGODB_CONNECTION_ERROR","error_msg":"Database failed to connect","error":"error creating pool : MaxSize must be >= 1","stacktrace":"main.main\n\t/home/potato/Dev/final-project/cmd/api/main.go:66\nruntime.main\n\t/usr/lib/go/src/runtime/proc.go:285"}
{"level":"INFO","timestamp":"2026-02-20T11:01:27.211+0300","caller":"api/main.go:35","message":"Logger initialized successfully","level":"debug","log_file":"logs/app.log","development":true}
{"level":"INFO","timestamp":"2026-02-20T11:01:27.211+0300","caller":"api/main.go:79","message":"INTERNAL_INFO","info_msg":"Starting the go server","server_address":"localhost:8443"}
{"level":"INFO","timestamp":"2026-02-20T11:01:27.211+0300","caller":"server/server.go:74","message":"INTERNAL_INFO","info_msg":"Using an existing TLS certificate..."}
{"level":"INFO","timestamp":"2026-02-20T11:05:25.838+0300","caller":"api/main.go:35","message":"Logger initialized successfully","level":"debug","log_file":"logs/app.log","development":true}
{"level":"INFO","timestamp":"2026-02-20T11:05:25.838+0300","caller":"api/main.go:79","message":"INTERNAL_INFO","info_msg":"Starting the go server","server_address":"localhost:8443"}
{"level":"INFO","timestamp":"2026-02-20T11:05:25.838+0300","caller":"server/server.go:74","message":"INTERNAL_INFO","info_msg":"Using an existing TLS certificate..."}
{"level":"INFO","timestamp":"2026-02-20T11:05:50.611+0300","caller":"api/main.go:35","message":"Logger initialized successfully","level":"debug","log_file":"logs/app.log","development":true}
{"level":"INFO","timestamp":"2026-02-20T11:05:50.612+0300","caller":"api/main.go:79","message":"INTERNAL_INFO","info_msg":"Starting the go server","server_address":"localhost:8443"}
{"level":"INFO","timestamp":"2026-02-20T11:05:50.612+0300","caller":"server/server.go:74","message":"INTERNAL_INFO","info_msg":"Using an existing TLS certificate..."}
{"level":"INFO","timestamp":"2026-02-20T11:06:05.106+0300","caller":"api/main.go:35","message":"Logger initialized successfully","level":"debug","log_file":"logs/app.log","development":true}
{"level":"INFO","timestamp":"2026-02-20T11:06:05.106+0300","caller":"api/main.go:79","message":"INTERNAL_INFO","info_msg":"Starting the go server","server_address":"localhost:8443"}
{"level":"INFO","timestamp":"2026-02-20T11:06:05.106+0300","caller":"server/server.go:74","message":"INTERNAL_INFO","info_msg":"Using an existing TLS certificate..."}
{"level":"INFO","timestamp":"2026-02-20T11:06:25.958+0300","caller":"api/main.go:37","message":"Logger initialized successfully","level":"debug","log_file":"logs/app.log","development":true}
{"level":"FATAL","timestamp":"2026-02-20T11:06:25.958+0300","caller":"api/main.go:66","message":"DATABASE_ERROR","error_code":"MONGODB_CONNECTION_ERROR","error_msg":"Database failed to connect","error":"error creating pool : MaxSize must be >= 1","stacktrace":"main.main\n\t/home/potato/Dev/final-project/cmd/api/main.go:66\nruntime.main\n\t/usr/lib/go/src/runtime/proc.go:285"}
{"level":"INFO","timestamp":"2026-02-20T11:06:50.026+0300","caller":"api/main.go:37","message":"Logger initialized successfully","level":"debug","log_file":"logs/app.log","development":true}
{"level":"FATAL","timestamp":"2026-02-20T11:06:50.026+0300","caller":"api/main.go:66","message":"DATABASE_ERROR","error_code":"MONGODB_CONNECTION_ERROR","error_msg":"Database failed to connect","error":"error creating pool : MaxSize must be >= 1","stacktrace":"main.main\n\t/home/potato/Dev/final-project/cmd/api/main.go:66\nruntime.main\n\t/usr/lib/go/src/runtime/proc.go:285"}
{"level":"INFO","timestamp":"2026-02-20T11:24:13.386+0300","caller":"api/main.go:37","message":"Logger initialized successfully","level":"debug","log_file":"logs/app.log","development":true}
{"level":"FATAL","timestamp":"2026-02-20T11:24:13.386+0300","caller":"api/main.go:66","message":"DATABASE_ERROR","error_code":"MONGODB_CONNECTION_ERROR","error_msg":"Database failed to connect","error":"error creating pool : MaxSize must be >= 1","stacktrace":"main.main\n\t/home/potato/Dev/final-project/cmd/api/main.go:66\nruntime.main\n\t/usr/lib/go/src/runtime/proc.go:285"}
{"level":"INFO","timestamp":"2026-02-20T11:28:11.342+0300","caller":"api/main.go:37","message":"Logger initialized successfully","level":"debug","log_file":"logs/app.log","development":true}
{"level":"FATAL","timestamp":"2026-02-20T11:28:11.342+0300","caller":"api/main.go:66","message":"DATABASE_ERROR","error_code":"MONGODB_CONNECTION_ERROR","error_msg":"Database failed to connect","error":"error creating pool : MaxSize must be >= 1","stacktrace":"main.main\n\t/home/potato/Dev/final-project/cmd/api/main.go:66\nruntime.main\n\t/usr/lib/go/src/runtime/proc.go:285"}
{"level":"INFO","timestamp":"2026-02-20T11:29:50.964+0300","caller":"api/main.go:37","message":"Logger initialized successfully","level":"debug","log_file":"logs/app.log","development":true}
{"level":"FATAL","timestamp":"2026-02-20T11:29:50.964+0300","caller":"api/main.go:66","message":"DATABASE_ERROR","error_code":"MONGODB_CONNECTION_ERROR","error_msg":"Database failed to connect","error":"error creating pool : MaxSize must be >= 1","stacktrace":"main.main\n\t/home/potato/Dev/final-project/cmd/api/main.go:66\nruntime.main\n\t/usr/lib/go/src/runtime/proc.go:285"}
{"level":"INFO","timestamp":"2026-02-20T11:33:25.235+0300","caller":"api/main.go:37","message":"Logger initialized successfully","level":"debug","log_file":"logs/app.log","development":true}
{"level":"FATAL","timestamp":"2026-02-20T11:33:25.235+0300","caller":"api/main.go:66","message":"DATABASE_ERROR","error_code":"MONGODB_CONNECTION_ERROR","error_msg":"Database failed to connect","error":"error creating pool : MaxSize must be >= 1","stacktrace":"main.main\n\t/home/potato/Dev/final-project/cmd/api/main.go:66\nruntime.main\n\t/usr/lib/go/src/runtime/proc.go:285"}
{"level":"INFO","timestamp":"2026-02-20T11:33:29.496+0300","caller":"api/main.go:37","message":"Logger initialized successfully","level":"debug","log_file":"logs/app.log","development":true}
{"level":"FATAL","timestamp":"2026-02-20T11:33:29.497+0300","caller":"api/main.go:66","message":"DATABASE_ERROR","error_code":"MONGODB_CONNECTION_ERROR","error_msg":"Database failed to connect","error":"error creating pool : MaxSize must be >= 1","stacktrace":"main.main\n\t/home/potato/Dev/final-project/cmd/api/main.go:66\nruntime.main\n\t/usr/lib/go/src/runtime/proc.go:285"}
{"level":"INFO","timestamp":"2026-02-20T11:41:32.896+0300","caller":"api/main.go:37","message":"Logger initialized successfully","level":"debug","log_file":"logs/app.log","development":true}
{"level":"FATAL","timestamp":"2026-02-20T11:41:32.896+0300","caller":"api/main.go:66","message":"DATABASE_ERROR","error_code":"MONGODB_CONNECTION_ERROR","error_msg":"Database failed to connect","error":"error creating pool : MaxSize must be >= 1","stacktrace":"main.main\n\t/home/potato/Dev/final-project/cmd/api/main.go:66\nruntime.main\n\t/usr/lib/go/src/runtime/proc.go:285"}
{"level":"INFO","timestamp":"2026-02-20T11:46:10.315+0300","caller":"api/main.go:37","message":"Logger initialized successfully","level":"debug","log_file":"logs/app.log","development":true}
{"level":"FATAL","timestamp":"2026-02-20T11:46:10.315+0300","caller":"api/main.go:66","message":"DATABASE_ERROR","error_code":"MONGODB_CONNECTION_ERROR","error_msg":"Database failed to connect","error":"error creating pool : MaxSize must be >= 1","stacktrace":"main.main\n\t/home/potato/Dev/final-project/cmd/api/main.go:66\nruntime.main\n\t/usr/lib/go/src/runtime/proc.go:285"}
{"level":"INFO","timestamp":"2026-02-20T11:46:19.039+0300","caller":"api/main.go:37","message":"Logger initialized successfully","level":"debug","log_file":"logs/app.log","development":true}
{"level":"FATAL","timestamp":"2026-02-20T11:46:19.040+0300","caller":"api/main.go:66","message":"DATABASE_ERROR","error_code":"MONGODB_CONNECTION_ERROR","error_msg":"Database failed to connect","error":"error creating pool : MaxSize must be >= 1","stacktrace":"main.main\n\t/home/potato/Dev/final-project/cmd/api/main.go:66\nruntime.main\n\t/usr/lib/go/src/runtime/proc.go:285"}
{"level":"INFO","timestamp":"2026-02-20T11:46:46.594+0300","caller":"api/main.go:37","message":"Logger initialized successfully","level":"debug","log_file":"logs/app.log","development":true}
{"level":"FATAL","timestamp":"2026-02-20T11:46:46.594+0300","caller":"api/main.go:66","message":"DATABASE_ERROR","error_code":"MONGODB_CONNECTION_ERROR","error_msg":"Database failed to connect","error":"error creating pool : MaxSize must be >= 1","stacktrace":"main.main\n\t/home/potato/Dev/final-project/cmd/api/main.go:66\nruntime.main\n\t/usr/lib/go/src/runtime/proc.go:285"}
{"level":"INFO","timestamp":"2026-02-20T11:48:54.065+0300","caller":"api/main.go:37","message":"Logger initialized successfully","level":"debug","log_file":"logs/app.log","development":true}
{"level":"FATAL","timestamp":"2026-02-20T11:48:54.065+0300","caller":"api/main.go:66","message":"DATABASE_ERROR","error_code":"MONGODB_CONNECTION_ERROR","error_msg":"Database failed to connect","error":"error creating pool : MaxSize must be >= 1","stacktrace":"main.main\n\t/home/potato/Dev/final-project/cmd/api/main.go:66\nruntime.main\n\t/usr/lib/go/src/runtime/proc.go:285"}
{"level":"INFO","timestamp":"2026-02-20T11:48:57.173+0300","caller":"api/main.go:37","message":"Logger initialized successfully","level":"debug","log_file":"logs/app.log","development":true}
{"level":"FATAL","timestamp":"2026-02-20T11:48:57.173+0300","caller":"api/main.go:66","message":"DATABASE_ERROR","error_code":"MONGODB_CONNECTION_ERROR","error_msg":"Database failed to connect","error":"error creating pool : MaxSize must be >= 1","stacktrace":"main.main\n\t/home/potato/Dev/final-project/cmd/api/main.go:66\nruntime.main\n\t/usr/lib/go/src/runtime/proc.go:285"}
{"level":"INFO","timestamp":"2026-02-20T11:49:05.780+0300","caller":"api/main.go:37","message":"Logger initialized successfully","level":"debug","log_file":"logs/app.log","development":true}
{"level":"FATAL","timestamp":"2026-02-20T11:49:05.780+0300","caller":"api/main.go:66","message":"DATABASE_ERROR","error_code":"MONGODB_CONNECTION_ERROR","error_msg":"Database failed to connect","error":"error creating pool : MaxSize must be >= 1","stacktrace":"main.main\n\t/home/potato/Dev/final-project/cmd/api/main.go:66\nruntime.main\n\t/usr/lib/go/src/runtime/proc.go:285"}
{"level":"INFO","timestamp":"2026-02-20T11:49:45.056+0300","caller":"api/main.go:37","message":"Logger initialized successfully","level":"debug","log_file":"logs/app.log","development":true}
{"level":"FATAL","timestamp":"2026-02-20T11:49:45.056+0300","caller":"api/main.go:67","message":"DATABASE_ERROR","error_code":"MONGODB_CONNECTION_ERROR","error_msg":"Database failed to connect","error":"error creating pool : MaxSize must be >= 1","stacktrace":"main.main\n\t/home/potato/Dev/final-project/cmd/api/main.go:67\nruntime.main\n\t/usr/lib/go/src/runtime/proc.go:285"}
{"level":"INFO","timestamp":"2026-02-20T11:49:59.065+0300","caller":"api/main.go:37","message":"Logger initialized successfully","level":"debug","log_file":"logs/app.log","development":true}
{"level":"FATAL","timestamp":"2026-02-20T11:49:59.066+0300","caller":"api/main.go:66","message":"DATABASE_ERROR","error_code":"MONGODB_CONNECTION_ERROR","error_msg":"Database failed to connect","error":"error creating pool : MaxSize must be >= 1","stacktrace":"main.main\n\t/home/potato/Dev/final-project/cmd/api/main.go:66\nruntime.main\n\t/usr/lib/go/src/runtime/proc.go:285"}
{"level":"INFO","timestamp":"2026-02-20T11:50:08.780+0300","caller":"api/main.go:37","message":"Logger initialized successfully","level":"debug","log_file":"logs/app.log","development":true}
{"level":"FATAL","timestamp":"2026-02-20T11:50:08.780+0300","caller":"api/main.go:67","message":"DATABASE_ERROR","error_code":"MONGODB_CONNECTION_ERROR","error_msg":"Database failed to connect","error":"error creating pool : MaxSize must be >= 1","stacktrace":"main.main\n\t/home/potato/Dev/final-project/cmd/api/main.go:67\nruntime.main\n\t/usr/lib/go/src/runtime/proc.go:285"}
{"level":"INFO","timestamp":"2026-02-20T11:51:09.085+0300","caller":"api/main.go:37","message":"Logger initialized successfully","level":"debug","log_file":"logs/app.log","development":true}
{"level":"FATAL","timestamp":"2026-02-20T11:51:09.085+0300","caller":"api/main.go:67","message":"DATABASE_ERROR","error_code":"MONGODB_CONNECTION_ERROR","error_msg":"Database failed to connect","error":"error creating pool : MaxSize must be >= 1","stacktrace":"main.main\n\t/home/potato/Dev/final-project/cmd/api/main.go:67\nruntime.main\n\t/usr/lib/go/src/runtime/proc.go:285"}
{"level":"INFO","timestamp":"2026-02-20T11:51:36.018+0300","caller":"api/main.go:37","message":"Logger initialized successfully","level":"debug","log_file":"logs/app.log","development":true}
{"level":"FATAL","timestamp":"2026-02-20T11:51:36.018+0300","caller":"api/main.go:67","message":"DATABASE_ERROR","error_code":"MONGODB_CONNECTION_ERROR","error_msg":"Database failed to connect","error":"error creating pool : MaxSize must be >= 1","stacktrace":"main.main\n\t/home/potato/Dev/final-project/cmd/api/main.go:67\nruntime.main\n\t/usr/lib/go/src/runtime/proc.go:285"}
{"level":"INFO","timestamp":"2026-02-20T11:51:39.770+0300","caller":"api/main.go:37","message":"Logger initialized successfully","level":"debug","log_file":"logs/app.log","development":true}
{"level":"FATAL","timestamp":"2026-02-20T11:51:39.770+0300","caller":"api/main.go:67","message":"DATABASE_ERROR","error_code":"MONGODB_CONNECTION_ERROR","error_msg":"Database failed to connect","error":"error creating pool : MaxSize must be >= 1","stacktrace":"main.main\n\t/home/potato/Dev/final-project/cmd/api/main.go:67\nruntime.main\n\t/usr/lib/go/src/runtime/proc.go:285"}
{"level":"INFO","timestamp":"2026-02-20T11:57:44.127+0300","caller":"api/main.go:37","message":"Logger initialized successfully","level":"debug","log_file":"logs/app.log","development":true}
{"level":"FATAL","timestamp":"2026-02-20T11:57:44.127+0300","caller":"api/main.go:67","message":"DATABASE_ERROR","error_code":"MONGODB_CONNECTION_ERROR","error_msg":"Database failed to connect","error":"error creating pool : MaxSize must be >= 1","stacktrace":"main.main\n\t/home/potato/Dev/final-project/cmd/api/main.go:67\nruntime.main\n\t/usr/lib/go/src/runtime/proc.go:285"}
{"level":"INFO","timestamp":"2026-02-20T11:57:49.020+0300","caller":"api/main.go:37","message":"Logger initialized successfully","level":"debug","log_file":"logs/app.log","development":true}
{"level":"FATAL","timestamp":"2026-02-20T11:57:49.020+0300","caller":"api/main.go:67","message":"DATABASE_ERROR","error_code":"MONGODB_CONNECTION_ERROR","error_msg":"Database failed to connect","error":"error creating pool : MaxSize must be >= 1","stacktrace":"main.main\n\t/home/potato/Dev/final-project/cmd/api/main.go:67\nruntime.main\n\t/usr/lib/go/src/runtime/proc.go:285"}
{"level":"INFO","timestamp":"2026-02-20T11:58:09.451+0300","caller":"api/main.go:37","message":"Logger initialized successfully","level":"debug","log_file":"logs/app.log","development":true}
{"level":"FATAL","timestamp":"2026-02-20T11:58:09.451+0300","caller":"api/main.go:67","message":"DATABASE_ERROR","error_code":"MONGODB_CONNECTION_ERROR","error_msg":"Database failed to connect","error":"error creating pool : MaxSize must be >= 1","stacktrace":"main.main\n\t/home/potato/Dev/final-project/cmd/api/main.go:67\nruntime.main\n\t/usr/lib/go/src/runtime/proc.go:285"}
{"level":"INFO","timestamp":"2026-02-20T11:58:17.723+0300","caller":"api/main.go:37","message":"Logger initialized successfully","level":"debug","log_file":"logs/app.log","development":true}
{"level":"FATAL","timestamp":"2026-02-20T11:58:17.724+0300","caller":"api/main.go:67","message":"DATABASE_ERROR","error_code":"MONGODB_CONNECTION_ERROR","error_msg":"Database failed to connect","error":"error creating pool : MaxSize must be >= 1","stacktrace":"main.main\n\t/home/potato/Dev/final-project/cmd/api/main.go:67\nruntime.main\n\t/usr/lib/go/src/runtime/proc.go:285"}
{"level":"INFO","timestamp":"2026-02-20T11:59:28.536+0300","caller":"api/main.go:37","message":"Logger initialized successfully","level":"debug","log_file":"logs/app.log","development":true}
{"level":"FATAL","timestamp":"2026-02-20T11:59:28.536+0300","caller":"api/main.go:67","message":"DATABASE_ERROR","error_code":"MONGODB_CONNECTION_ERROR","error_msg":"Database failed to connect","error":"error creating pool : MaxSize must be >= 1","stacktrace":"main.main\n\t/home/potato/Dev/final-project/cmd/api/main.go:67\nruntime.main\n\t/usr/lib/go/src/runtime/proc.go:285"}
{"level":"INFO","timestamp":"2026-02-20T11:59:37.348+0300","caller":"api/main.go:37","message":"Logger initialized successfully","level":"debug","log_file":"logs/app.log","development":true}
{"level":"FATAL","timestamp":"2026-02-20T11:59:37.348+0300","caller":"api/main.go:67","message":"DATABASE_ERROR","error_code":"MONGODB_CONNECTION_ERROR","error_msg":"Database failed to connect","error":"error creating pool : MaxSize must be >= 1","stacktrace":"main.main\n\t/home/potato/Dev/final-project/cmd/api/main.go:67\nruntime.main\n\t/usr/lib/go/src/runtime/proc.go:285"}
{"level":"INFO","timestamp":"2026-02-20T12:00:24.992+0300","caller":"api/main.go:37","message":"Logger initialized successfully","level":"debug","log_file":"logs/app.log","development":true}
{"level":"FATAL","timestamp":"2026-02-20T12:00:24.992+0300","caller":"api/main.go:67","message":"DATABASE_ERROR","error_code":"MONGODB_CONNECTION_ERROR","error_msg":"Database failed to connect","error":"error creating pool : MaxSize must be >= 1","stacktrace":"main.main\n\t/home/potato/Dev/final-project/cmd/api/main.go:67\nruntime.main\n\t/usr/lib/go/src/runtime/proc.go:285"}
{"level":"INFO","timestamp":"2026-02-20T12:00:28.573+0300","caller":"api/main.go:37","message":"Logger initialized successfully","level":"debug","log_file":"logs/app.log","development":true}
{"level":"FATAL","timestamp":"2026-02-20T12:00:28.573+0300","caller":"api/main.go:67","message":"DATABASE_ERROR","error_code":"MONGODB_CONNECTION_ERROR","error_msg":"Database failed to connect","error":"error creating pool : MaxSize must be >= 1","stacktrace":"main.main\n\t/home/potato/Dev/final-project/cmd/api/main.go:67\nruntime.main\n\t/usr/lib/go/src/runtime/proc.go:285"}
{"level":"INFO","timestamp":"2026-02-20T12:00:46.093+0300","caller":"api/main.go:37","message":"Logger initialized successfully","level":"debug","log_file":"logs/app.log","development":true}
{"level":"FATAL","timestamp":"2026-02-20T12:00:46.094+0300","caller":"api/main.go:67","message":"DATABASE_ERROR","error_code":"MONGODB_CONNECTION_ERROR","error_msg":"Database failed to connect","error":"error creating pool : MaxSize must be >= 1","stacktrace":"main.main\n\t/home/potato/Dev/final-project/cmd/api/main.go:67\nruntime.main\n\t/usr/lib/go/src/runtime/proc.go:285"}
{"level":"INFO","timestamp":"2026-02-20T12:01:44.010+0300","caller":"api/main.go:37","message":"Logger initialized successfully","level":"debug","log_file":"logs/app.log","development":true}
{"level":"FATAL","timestamp":"2026-02-20T12:01:44.010+0300","caller":"api/main.go:67","message":"DATABASE_ERROR","error_code":"MONGODB_CONNECTION_ERROR","error_msg":"Database failed to connect","error":"error creating pool : MaxSize must be >= 1","stacktrace":"main.main\n\t/home/potato/Dev/final-project/cmd/api/main.go:67\nruntime.main\n\t/usr/lib/go/src/runtime/proc.go:285"}
{"level":"INFO","timestamp":"2026-02-20T12:02:50.890+0300","caller":"api/main.go:37","message":"Logger initialized successfully","level":"debug","log_file":"logs/app.log","development":true}
{"level":"FATAL","timestamp":"2026-02-20T12:02:50.891+0300","caller":"api/main.go:67","message":"DATABASE_ERROR","error_code":"MONGODB_CONNECTION_ERROR","error_msg":"Database failed to connect","error":"error creating pool : MaxSize must be >= 1","stacktrace":"main.main\n\t/home/potato/Dev/final-project/cmd/api/main.go:67\nruntime.main\n\t/usr/lib/go/src/runtime/proc.go:285"}
{"level":"INFO","timestamp":"2026-02-20T12:07:46.162+0300","caller":"api/main.go:37","message":"Logger initialized successfully","level":"debug","log_file":"logs/app.log","development":true}
{"level":"FATAL","timestamp":"2026-02-20T12:07:46.162+0300","caller":"api/main.go:67","message":"DATABASE_ERROR","error_code":"MONGODB_CONNECTION_ERROR","error_msg":"Database failed to connect","error":"error creating pool : MaxSize must be >= 1","stacktrace":"main.main\n\t/home/potato/Dev/final-project/cmd/api/main.go:67\nruntime.main\n\t/usr/lib/go/src/runtime/proc.go:285"}
{"level":"INFO","timestamp":"2026-02-20T12:08:54.932+0300","caller":"api/main.go:37","message":"Logger initialized successfully","level":"debug","log_file":"logs/app.log","development":true}
{"level":"INFO","timestamp":"2026-02-20T12:08:54.960+0300","caller":"api/main.go:90","message":"INTERNAL_INFO","info_msg":"Starting the go server","server_address":"localhost:8443"}
{"level":"INFO","timestamp":"2026-02-20T12:08:54.960+0300","caller":"server/server.go:74","message":"INTERNAL_INFO","info_msg":"Using an existing TLS certificate..."}
{"level":"INFO","timestamp":"2026-02-20T12:09:21.968+0300","caller":"server/server.go:121","message":"INTERNAL_INFO","info_msg":"Shutdown signal recived","signal_type":"interrupt"}
{"level":"INFO","timestamp":"2026-02-20T12:09:21.968+0300","caller":"server/server.go:131","message":"INTERNAL_INFO","info_msg":"Shutting down the server..."}
{"level":"INFO","timestamp":"2026-02-20T12:09:21.968+0300","caller":"server/server.go:137","message":"INTERNAL_INFO","info_msg":"HTTP server shutdown gracefully..."}
{"level":"INFO","timestamp":"2026-02-20T12:09:24.252+0300","caller":"api/main.go:37","message":"Logger initialized successfully","level":"debug","log_file":"logs/app.log","development":true}
{"level":"INFO","timestamp":"2026-02-20T12:09:24.259+0300","caller":"api/main.go:90","message":"INTERNAL_INFO","info_msg":"Starting the go server","server_address":"localhost:8443"}
{"level":"INFO","timestamp":"2026-02-20T12:09:24.259+0300","caller":"server/server.go:74","message":"INTERNAL_INFO","info_msg":"Using an existing TLS certificate..."}
{"level":"INFO","timestamp":"2026-02-20T12:43:43.188+0300","caller":"server/server.go:121","message":"INTERNAL_INFO","info_msg":"Shutdown signal recived","signal_type":"interrupt"}
{"level":"INFO","timestamp":"2026-02-20T12:43:43.188+0300","caller":"server/server.go:131","message":"INTERNAL_INFO","info_msg":"Shutting down the server..."}
{"level":"INFO","timestamp":"2026-02-20T12:43:43.188+0300","caller":"server/server.go:137","message":"INTERNAL_INFO","info_msg":"HTTP server shutdown gracefully..."}
{"level":"INFO","timestamp":"2026-02-20T12:43:44.370+0300","caller":"api/main.go:37","message":"Logger initialized successfully","level":"debug","log_file":"logs/app.log","development":true}
{"level":"INFO","timestamp":"2026-02-20T12:43:44.375+0300","caller":"api/main.go:71","message":"DATABASE_INFO","info_msg":"Connected to mongodb successfully..."}
{"level":"INFO","timestamp":"2026-02-20T12:43:44.376+0300","caller":"api/main.go:92","message":"INTERNAL_INFO","info_msg":"Starting the go server","server_address":"localhost:8443"}
{"level":"INFO","timestamp":"2026-02-20T12:43:44.376+0300","caller":"server/server.go:74","message":"INTERNAL_INFO","info_msg":"Using an existing TLS certificate..."}
{"level":"INFO","timestamp":"2026-02-20T13:14:09.584+0300","caller":"server/server.go:121","message":"INTERNAL_INFO","info_msg":"Shutdown signal recived","signal_type":"interrupt"}
{"level":"INFO","timestamp":"2026-02-20T13:14:09.584+0300","caller":"server/server.go:131","message":"INTERNAL_INFO","info_msg":"Shutting down the server..."}
{"level":"INFO","timestamp":"2026-02-20T13:14:09.584+0300","caller":"server/server.go:137","message":"INTERNAL_INFO","info_msg":"HTTP server shutdown gracefully..."}
{"level":"INFO","timestamp":"2026-02-20T13:14:11.093+0300","caller":"api/main.go:37","message":"Logger initialized successfully","level":"debug","log_file":"logs/app.log","development":true}
{"level":"INFO","timestamp":"2026-02-20T13:14:11.098+0300","caller":"api/main.go:70","message":"DATABASE_INFO","info_msg":"Connected to mongodb successfully..."}
{"level":"INFO","timestamp":"2026-02-20T13:14:11.099+0300","caller":"api/main.go:92","message":"INTERNAL_INFO","info_msg":"Starting the go server","server_address":"localhost:8443"}
{"level":"INFO","timestamp":"2026-02-20T13:14:11.099+0300","caller":"server/server.go:74","message":"INTERNAL_INFO","info_msg":"Using an existing TLS certificate..."}
{"level":"INFO","timestamp":"2026-02-20T13:17:29.624+0300","caller":"server/server.go:121","message":"INTERNAL_INFO","info_msg":"Shutdown signal recived","signal_type":"interrupt"}
{"level":"INFO","timestamp":"2026-02-20T13:17:29.624+0300","caller":"server/server.go:131","message":"INTERNAL_INFO","info_msg":"Shutting down the server..."}
{"level":"INFO","timestamp":"2026-02-20T13:17:29.624+0300","caller":"server/server.go:137","message":"INTERNAL_INFO","info_msg":"HTTP server shutdown gracefully..."}
{"level":"INFO","timestamp":"2026-02-20T13:17:30.915+0300","caller":"api/main.go:37","message":"Logger initialized successfully","level":"debug","log_file":"logs/app.log","development":true}
{"level":"INFO","timestamp":"2026-02-20T13:17:30.920+0300","caller":"api/main.go:70","message":"DATABASE_INFO","info_msg":"Connected to mongodb successfully..."}
{"level":"INFO","timestamp":"2026-02-20T13:17:30.931+0300","caller":"api/main.go:98","message":"INTERNAL_INFO","info_msg":"Starting the go server","server_address":"localhost:8443"}
{"level":"INFO","timestamp":"2026-02-20T13:17:30.931+0300","caller":"server/server.go:74","message":"INTERNAL_INFO","info_msg":"Using an existing TLS certificate..."}
{"level":"INFO","timestamp":"2026-02-20T13:39:55.852+0300","caller":"server/server.go:121","message":"INTERNAL_INFO","info_msg":"Shutdown signal recived","signal_type":"interrupt"}
{"level":"INFO","timestamp":"2026-02-20T13:39:55.853+0300","caller":"server/server.go:131","message":"INTERNAL_INFO","info_msg":"Shutting down the server..."}
{"level":"INFO","timestamp":"2026-02-20T13:39:55.853+0300","caller":"server/server.go:137","message":"INTERNAL_INFO","info_msg":"HTTP server shutdown gracefully..."}
{"level":"INFO","timestamp":"2026-02-20T13:39:57.074+0300","caller":"api/main.go:37","message":"Logger initialized successfully","level":"debug","log_file":"logs/app.log","development":true}
{"level":"INFO","timestamp":"2026-02-20T13:39:57.079+0300","caller":"api/main.go:70","message":"DATABASE_INFO","info_msg":"Connected to mongodb successfully..."}
{"level":"INFO","timestamp":"2026-02-20T13:39:57.079+0300","caller":"api/main.go:92","message":"INTERNAL_INFO","info_msg":"Starting the go server","server_address":"localhost:8443"}
{"level":"INFO","timestamp":"2026-02-20T13:39:57.079+0300","caller":"server/server.go:74","message":"INTERNAL_INFO","info_msg":"Using an existing TLS certificate..."}
{"level":"INFO","timestamp":"2026-02-20T13:40:02.125+0300","caller":"server/server.go:121","message":"INTERNAL_INFO","info_msg":"Shutdown signal recived","signal_type":"interrupt"}
{"level":"INFO","timestamp":"2026-02-20T13:40:02.125+0300","caller":"server/server.go:131","message":"INTERNAL_INFO","info_msg":"Shutting down the server..."}
{"level":"INFO","timestamp":"2026-02-20T13:40:02.125+0300","caller":"server/server.go:137","message":"INTERNAL_INFO","info_msg":"HTTP server shutdown gracefully..."}
{"level":"INFO","timestamp":"2026-02-20T13:55:22.503+0300","caller":"api/main.go:36","message":"Logger initialized successfully","level":"debug","log_file":"logs/app.log","development":true}
{"level":"INFO","timestamp":"2026-02-20T13:55:22.508+0300","caller":"api/main.go:69","message":"DATABASE_INFO","info_msg":"Connected to mongodb successfully..."}
{"level":"INFO","timestamp":"2026-02-20T13:55:22.508+0300","caller":"api/main.go:86","message":"INTERNAL_INFO","info_msg":"Starting the go server","server_address":"localhost:8443"}
{"level":"INFO","timestamp":"2026-02-20T13:55:22.508+0300","caller":"server/server.go:74","message":"INTERNAL_INFO","info_msg":"Using an existing TLS certificate..."}
{"level":"INFO","timestamp":"2026-02-20T13:55:26.924+0300","caller":"server/server.go:121","message":"INTERNAL_INFO","info_msg":"Shutdown signal recived","signal_type":"interrupt"}
{"level":"INFO","timestamp":"2026-02-20T13:55:26.924+0300","caller":"server/server.go:131","message":"INTERNAL_INFO","info_msg":"Shutting down the server..."}
{"level":"INFO","timestamp":"2026-02-20T13:55:26.924+0300","caller":"server/server.go:137","message":"INTERNAL_INFO","info_msg":"HTTP server shutdown gracefully..."}
{"level":"INFO","timestamp":"2026-02-20T16:12:16.990+0300","caller":"api/main.go:36","message":"Logger initialized successfully","level":"debug","log_file":"logs/app.log","development":true}
{"level":"INFO","timestamp":"2026-02-20T16:12:16.995+0300","caller":"api/main.go:69","message":"DATABASE_INFO","info_msg":"Connected to mongodb successfully..."}
{"level":"INFO","timestamp":"2026-02-20T16:12:16.996+0300","caller":"api/main.go:86","message":"INTERNAL_INFO","info_msg":"Starting the go server","server_address":"localhost:8443"}
{"level":"INFO","timestamp":"2026-02-20T16:12:16.996+0300","caller":"server/server.go:74","message":"INTERNAL_INFO","info_msg":"Using an existing TLS certificate..."}
{"level":"INFO","timestamp":"2026-02-20T16:12:27.071+0300","caller":"server/server.go:121","message":"INTERNAL_INFO","info_msg":"Shutdown signal recived","signal_type":"interrupt"}
{"level":"INFO","timestamp":"2026-02-20T16:12:27.071+0300","caller":"server/server.go:131","message":"INTERNAL_INFO","info_msg":"Shutting down the server..."}
{"level":"INFO","timestamp":"2026-02-20T16:12:27.072+0300","caller":"server/server.go:137","message":"INTERNAL_INFO","info_msg":"HTTP server shutdown gracefully..."}
{"level":"INFO","timestamp":"2026-02-20T16:12:30.410+0300","caller":"api/main.go:36","message":"Logger initialized successfully","level":"debug","log_file":"logs/app.log","development":true}
{"level":"INFO","timestamp":"2026-02-20T16:12:30.415+0300","caller":"api/main.go:69","message":"DATABASE_INFO","info_msg":"Connected to mongodb successfully..."}
{"level":"INFO","timestamp":"2026-02-20T16:12:30.415+0300","caller":"api/main.go:86","message":"INTERNAL_INFO","info_msg":"Starting the go server","server_address":"localhost:8443"}
{"level":"INFO","timestamp":"2026-02-20T16:12:30.415+0300","caller":"server/server.go:74","message":"INTERNAL_INFO","info_msg":"Using an existing TLS certificate..."}
{"level":"INFO","timestamp":"2026-02-20T16:12:48.177+0300","caller":"api/main.go:36","message":"Logger initialized successfully","level":"debug","log_file":"logs/app.log","development":true}
{"level":"INFO","timestamp":"2026-02-20T16:12:48.182+0300","caller":"api/main.go:69","message":"DATABASE_INFO","info_msg":"Connected to mongodb successfully..."}
{"level":"INFO","timestamp":"2026-02-20T16:12:48.182+0300","caller":"api/main.go:86","message":"INTERNAL_INFO","info_msg":"Starting the go server","server_address":"localhost:8443"}
{"level":"INFO","timestamp":"2026-02-20T16:12:48.182+0300","caller":"server/server.go:74","message":"INTERNAL_INFO","info_msg":"Using an existing TLS certificate..."}
{"level":"INFO","timestamp":"2026-02-20T16:20:54.961+0300","caller":"api/main.go:36","message":"Logger initialized successfully","level":"debug","log_file":"logs/app.log","development":true}
{"level":"INFO","timestamp":"2026-02-20T16:20:54.966+0300","caller":"api/main.go:71","message":"DATABASE_INFO","info_msg":"Connected to mongodb successfully..."}
{"level":"INFO","timestamp":"2026-02-20T16:20:54.967+0300","caller":"api/main.go:86","message":"INTERNAL_INFO","info_msg":"Starting the go server","server_address":"localhost:8443"}
{"level":"INFO","timestamp":"2026-02-20T16:20:54.967+0300","caller":"server/server.go:74","message":"INTERNAL_INFO","info_msg":"Using an existing TLS certificate..."}
{"level":"INFO","timestamp":"2026-02-20T16:21:17.521+0300","caller":"api/main.go:36","message":"Logger initialized successfully","level":"debug","log_file":"logs/app.log","development":true}
{"level":"INFO","timestamp":"2026-02-20T16:21:17.526+0300","caller":"api/main.go:71","message":"DATABASE_INFO","info_msg":"Connected to mongodb successfully..."}
{"level":"INFO","timestamp":"2026-02-20T16:21:17.526+0300","caller":"api/main.go:86","message":"INTERNAL_INFO","info_msg":"Starting the go server","server_address":"localhost:8443"}
{"level":"INFO","timestamp":"2026-02-20T16:21:17.526+0300","caller":"server/server.go:74","message":"INTERNAL_INFO","info_msg":"Using an existing TLS certificate..."}
{"level":"INFO","timestamp":"2026-02-20T16:21:27.706+0300","caller":"api/main.go:36","message":"Logger initialized successfully","level":"debug","log_file":"logs/app.log","development":true}
{"level":"INFO","timestamp":"2026-02-20T16:21:27.711+0300","caller":"api/main.go:71","message":"DATABASE_INFO","info_msg":"Connected to mongodb successfully..."}
{"level":"INFO","timestamp":"2026-02-20T16:21:27.711+0300","caller":"api/main.go:86","message":"INTERNAL_INFO","info_msg":"Starting the go server","server_address":"localhost:8443"}
{"level":"INFO","timestamp":"2026-02-20T16:21:27.711+0300","caller":"server/server.go:74","message":"INTERNAL_INFO","info_msg":"Using an existing TLS certificate..."}
{"level":"INFO","timestamp":"2026-02-20T16:32:57.184+0300","caller":"api/main.go:91","message":"Logger initialized successfully","level":"debug","log_file":"logs/app.log","development":true}
{"level":"INFO","timestamp":"2026-02-20T16:32:57.191+0300","caller":"api/main.go:139","message":"DATABASE_INFO","info_msg":"Connected to mongodb successfully..."}
{"level":"INFO","timestamp":"2026-02-20T16:32:57.191+0300","caller":"api/main.go:154","message":"INTERNAL_INFO","info_msg":"Starting the go server","server_address":"localhost:8443"}
{"level":"INFO","timestamp":"2026-02-20T16:32:57.191+0300","caller":"server/server.go:74","message":"INTERNAL_INFO","info_msg":"Using an existing TLS certificate..."}
{"level":"INFO","timestamp":"2026-02-20T16:33:07.109+0300","caller":"api/main.go:91","message":"Logger initialized successfully","level":"debug","log_file":"logs/app.log","development":true}
{"level":"INFO","timestamp":"2026-02-20T16:33:07.114+0300","caller":"api/main.go:139","message":"DATABASE_INFO","info_msg":"Connected to mongodb successfully..."}
{"level":"INFO","timestamp":"2026-02-20T16:33:07.115+0300","caller":"api/main.go:154","message":"INTERNAL_INFO","info_msg":"Starting the go server","server_address":"localhost:8443"}
{"level":"INFO","timestamp":"2026-02-20T16:33:07.115+0300","caller":"server/server.go:74","message":"INTERNAL_INFO","info_msg":"Using an existing TLS certificate..."}
{"level":"INFO","timestamp":"2026-02-20T16:34:01.340+0300","caller":"api/main.go:91","message":"Logger initialized successfully","level":"debug","log_file":"logs/app.log","development":true}
{"level":"INFO","timestamp":"2026-02-20T16:34:01.346+0300","caller":"api/main.go:139","message":"DATABASE_INFO","info_msg":"Connected to mongodb successfully..."}
{"level":"INFO","timestamp":"2026-02-20T16:34:01.346+0300","caller":"api/main.go:154","message":"INTERNAL_INFO","info_msg":"Starting the go server","server_address":"localhost:8443"}
{"level":"INFO","timestamp":"2026-02-20T16:34:01.346+0300","caller":"server/server.go:74","message":"INTERNAL_INFO","info_msg":"Using an existing TLS certificate..."}
{"level":"INFO","timestamp":"2026-02-20T16:35:56.922+0300","caller":"api/main.go:36","message":"Logger initialized successfully","level":"debug","log_file":"logs/app.log","development":true}
{"level":"INFO","timestamp":"2026-02-20T16:35:56.929+0300","caller":"api/main.go:71","message":"DATABASE_INFO","info_msg":"Connected to mongodb successfully..."}
{"level":"INFO","timestamp":"2026-02-20T16:35:56.929+0300","caller":"api/main.go:86","message":"INTERNAL_INFO","info_msg":"Starting the go server","server_address":"localhost:8443"}
{"level":"INFO","timestamp":"2026-02-20T16:35:56.929+0300","caller":"server/server.go:74","message":"INTERNAL_INFO","info_msg":"Using an existing TLS certificate..."}
{"level":"INFO","timestamp":"2026-02-20T16:36:05.470+0300","caller":"api/main.go:36","message":"Logger initialized successfully","level":"debug","log_file":"logs/app.log","development":true}
{"level":"INFO","timestamp":"2026-02-20T16:36:05.479+0300","caller":"api/main.go:71","message":"DATABASE_INFO","info_msg":"Connected to mongodb successfully..."}
{"level":"INFO","timestamp":"2026-02-20T16:36:05.479+0300","caller":"api/main.go:86","message":"INTERNAL_INFO","info_msg":"Starting the go server","server_address":"localhost:8443"}
{"level":"INFO","timestamp":"2026-02-20T16:36:05.479+0300","caller":"server/server.go:74","message":"INTERNAL_INFO","info_msg":"Using an existing TLS certificate..."}
{"level":"INFO","timestamp":"2026-02-20T16:36:57.714+0300","caller":"api/main.go:36","message":"Logger initialized successfully","level":"debug","log_file":"logs/app.log","development":true}
{"level":"INFO","timestamp":"2026-02-20T16:36:57.719+0300","caller":"api/main.go:71","message":"DATABASE_INFO","info_msg":"Connected to mongodb successfully..."}
{"level":"INFO","timestamp":"2026-02-20T16:36:57.719+0300","caller":"api/main.go:86","message":"INTERNAL_INFO","info_msg":"Starting the go server","server_address":"localhost:8443"}
{"level":"INFO","timestamp":"2026-02-20T16:36:57.719+0300","caller":"server/server.go:74","message":"INTERNAL_INFO","info_msg":"Using an existing TLS certificate..."}
{"level":"INFO","timestamp":"2026-02-20T16:37:07.149+0300","caller":"api/main.go:36","message":"Logger initialized successfully","level":"debug","log_file":"logs/app.log","development":true}
{"level":"INFO","timestamp":"2026-02-20T16:37:07.155+0300","caller":"api/main.go:71","message":"DATABASE_INFO","info_msg":"Connected to mongodb successfully..."}
{"level":"INFO","timestamp":"2026-02-20T16:37:07.155+0300","caller":"api/main.go:86","message":"INTERNAL_INFO","info_msg":"Starting the go server","server_address":"localhost:8443"}
{"level":"INFO","timestamp":"2026-02-20T16:37:07.155+0300","caller":"server/server.go:74","message":"INTERNAL_INFO","info_msg":"Using an existing TLS certificate..."}
{"level":"INFO","timestamp":"2026-02-20T16:37:40.072+0300","caller":"api/main.go:36","message":"Logger initialized successfully","level":"debug","log_file":"logs/app.log","development":true}
{"level":"INFO","timestamp":"2026-02-20T16:37:40.077+0300","caller":"api/main.go:71","message":"DATABASE_INFO","info_msg":"Connected to mongodb successfully..."}
{"level":"INFO","timestamp":"2026-02-20T16:37:40.077+0300","caller":"api/main.go:86","message":"INTERNAL_INFO","info_msg":"Starting the go server","server_address":"localhost:8443"}
{"level":"INFO","timestamp":"2026-02-20T16:37:40.077+0300","caller":"server/server.go:74","message":"INTERNAL_INFO","info_msg":"Using an existing TLS certificate..."}
{"level":"INFO","timestamp":"2026-02-20T16:37:47.267+0300","caller":"api/main.go:36","message":"Logger initialized successfully","level":"debug","log_file":"logs/app.log","development":true}
{"level":"INFO","timestamp":"2026-02-20T16:37:47.273+0300","caller":"api/main.go:71","message":"DATABASE_INFO","info_msg":"Connected to mongodb successfully..."}
{"level":"INFO","timestamp":"2026-02-20T16:37:47.273+0300","caller":"api/main.go:86","message":"INTERNAL_INFO","info_msg":"Starting the go server","server_address":"localhost:8443"}
{"level":"INFO","timestamp":"2026-02-20T16:37:47.273+0300","caller":"server/server.go:74","message":"INTERNAL_INFO","info_msg":"Using an existing TLS certificate..."}
{"level":"INFO","timestamp":"2026-02-20T16:37:51.224+0300","caller":"api/main.go:36","message":"Logger initialized successfully","level":"debug","log_file":"logs/app.log","development":true}
{"level":"INFO","timestamp":"2026-02-20T16:37:51.229+0300","caller":"api/main.go:71","message":"DATABASE_INFO","info_msg":"Connected to mongodb successfully..."}
{"level":"INFO","timestamp":"2026-02-20T16:37:51.230+0300","caller":"api/main.go:86","message":"INTERNAL_INFO","info_msg":"Starting the go server","server_address":"localhost:8443"}
{"level":"INFO","timestamp":"2026-02-20T16:37:51.230+0300","caller":"server/server.go:74","message":"INTERNAL_INFO","info_msg":"Using an existing TLS certificate..."}
{"level":"INFO","timestamp":"2026-02-20T16:39:05.259+0300","caller":"api/main.go:36","message":"Logger initialized successfully","level":"debug","log_file":"logs/app.log","development":true}
{"level":"INFO","timestamp":"2026-02-20T16:39:05.265+0300","caller":"api/main.go:71","message":"DATABASE_INFO","info_msg":"Connected to mongodb successfully..."}
{"level":"INFO","timestamp":"2026-02-20T16:39:05.265+0300","caller":"api/main.go:86","message":"INTERNAL_INFO","info_msg":"Starting the go server","server_address":"localhost:8443"}
{"level":"INFO","timestamp":"2026-02-20T16:39:05.265+0300","caller":"server/server.go:74","message":"INTERNAL_INFO","info_msg":"Using an existing TLS certificate..."}
{"level":"INFO","timestamp":"2026-02-20T16:39:07.854+0300","caller":"server/server.go:121","message":"INTERNAL_INFO","info_msg":"Shutdown signal recived","signal_type":"interrupt"}
{"level":"INFO","timestamp":"2026-02-20T16:39:07.854+0300","caller":"server/server.go:131","message":"INTERNAL_INFO","info_msg":"Shutting down the server..."}
{"level":"INFO","timestamp":"2026-02-20T16:39:07.854+0300","caller":"server/server.go:137","message":"INTERNAL_INFO","info_msg":"HTTP server shutdown gracefully..."}
{"level":"INFO","timestamp":"2026-02-20T16:42:32.090+0300","caller":"api/main.go:36","message":"Logger initialized successfully","level":"debug","log_file":"logs/app.log","development":true}
{"level":"INFO","timestamp":"2026-02-20T16:42:32.105+0300","caller":"api/main.go:71","message":"DATABASE_INFO","info_msg":"Connected to mongodb successfully..."}
{"level":"INFO","timestamp":"2026-02-20T16:42:32.106+0300","caller":"api/main.go:86","message":"INTERNAL_INFO","info_msg":"Starting the go server","server_address":"localhost:8443"}
{"level":"INFO","timestamp":"2026-02-20T16:42:32.106+0300","caller":"server/server.go:74","message":"INTERNAL_INFO","info_msg":"Using an existing TLS certificate..."}
{"level":"INFO","timestamp":"2026-02-20T16:42:34.873+0300","caller":"server/server.go:121","message":"INTERNAL_INFO","info_msg":"Shutdown signal recived","signal_type":"interrupt"}
{"level":"INFO","timestamp":"2026-02-20T16:42:34.874+0300","caller":"server/server.go:131","message":"INTERNAL_INFO","info_msg":"Shutting down the server..."}
{"level":"INFO","timestamp":"2026-02-20T16:42:34.874+0300","caller":"server/server.go:137","message":"INTERNAL_INFO","info_msg":"HTTP server shutdown gracefully..."}
{"level":"INFO","timestamp":"2026-02-20T17:51:51.577+0300","caller":"api/main.go:36","message":"Logger initialized successfully","level":"debug","log_file":"logs/app.log","development":true}
{"level":"INFO","timestamp":"2026-02-20T17:51:51.585+0300","caller":"api/main.go:71","message":"DATABASE_INFO","info_msg":"Connected to mongodb successfully..."}
{"level":"INFO","timestamp":"2026-02-20T17:51:51.587+0300","caller":"api/main.go:86","message":"INTERNAL_INFO","info_msg":"Starting the go server","server_address":"localhost:8443"}
{"level":"INFO","timestamp":"2026-02-20T17:51:51.587+0300","caller":"server/server.go:74","message":"INTERNAL_INFO","info_msg":"Using an existing TLS certificate..."}
{"level":"INFO","timestamp":"2026-02-20T17:52:26.693+0300","caller":"api/main.go:37","message":"Logger initialized successfully","level":"debug","log_file":"logs/app.log","development":true}
{"level":"INFO","timestamp":"2026-02-20T17:52:26.701+0300","caller":"api/main.go:69","message":"DATABASE_INFO","info_msg":"Connected to mongodb successfully..."}
{"level":"INFO","timestamp":"2026-02-20T17:53:07.054+0300","caller":"api/main.go:37","message":"Logger initialized successfully","level":"debug","log_file":"logs/app.log","development":true}
{"level":"INFO","timestamp":"2026-02-20T17:53:07.061+0300","caller":"api/main.go:69","message":"DATABASE_INFO","info_msg":"Connected to mongodb successfully..."}
{"level":"INFO","timestamp":"2026-02-20T17:53:37.609+0300","caller":"api/main.go:37","message":"Logger initialized successfully","level":"debug","log_file":"logs/app.log","development":true}
{"level":"INFO","timestamp":"2026-02-20T17:53:37.615+0300","caller":"api/main.go:69","message":"DATABASE_INFO","info_msg":"Connected to mongodb successfully..."}
{"level":"INFO","timestamp":"2026-02-20T17:53:37.632+0300","caller":"api/main.go:90","message":"INTERNAL_INFO","info_msg":"Starting the go server","server_address":"localhost:8443"}
{"level":"INFO","timestamp":"2026-02-20T17:53:37.632+0300","caller":"server/server.go:74","message":"INTERNAL_INFO","info_msg":"Using an existing TLS certificate..."}
{"level":"INFO","timestamp":"2026-02-20T17:57:06.560+0300","caller":"api/main.go:37","message":"Logger initialized successfully","level":"debug","log_file":"logs/app.log","development":true}
{"level":"INFO","timestamp":"2026-02-20T17:57:06.566+0300","caller":"api/main.go:69","message":"DATABASE_INFO","info_msg":"Connected to mongodb successfully..."}
{"level":"INFO","timestamp":"2026-02-20T17:57:06.572+0300","caller":"api/main.go:90","message":"INTERNAL_INFO","info_msg":"Starting the go server","server_address":"localhost:8443"}
{"level":"INFO","timestamp":"2026-02-20T17:57:06.572+0300","caller":"server/server.go:74","message":"INTERNAL_INFO","info_msg":"Using an existing TLS certificate..."}
{"level":"INFO","timestamp":"2026-02-20T17:57:52.361+0300","caller":"api/main.go:37","message":"Logger initialized successfully","level":"debug","log_file":"logs/app.log","development":true}
{"level":"INFO","timestamp":"2026-02-20T17:57:52.368+0300","caller":"api/main.go:69","message":"DATABASE_INFO","info_msg":"Connected to mongodb successfully..."}
{"level":"INFO","timestamp":"2026-02-20T17:57:52.373+0300","caller":"api/main.go:90","message":"INTERNAL_INFO","info_msg":"Starting the go server","server_address":"localhost:8443"}
{"level":"INFO","timestamp":"2026-02-20T17:57:52.374+0300","caller":"server/server.go:74","message":"INTERNAL_INFO","info_msg":"Using an existing TLS certificate..."}
{"level":"INFO","timestamp":"2026-02-20T17:58:16.384+0300","caller":"api/main.go:37","message":"Logger initialized successfully","level":"debug","log_file":"logs/app.log","development":true}
{"level":"INFO","timestamp":"2026-02-20T17:58:16.391+0300","caller":"api/main.go:69","message":"DATABASE_INFO","info_msg":"Connected to mongodb successfully..."}
{"level":"INFO","timestamp":"2026-02-20T17:58:16.397+0300","caller":"api/main.go:90","message":"INTERNAL_INFO","info_msg":"Starting the go server","server_address":"localhost:8443"}
{"level":"INFO","timestamp":"2026-02-20T17:58:16.397+0300","caller":"server/server.go:74","message":"INTERNAL_INFO","info_msg":"Using an existing TLS certificate..."}
{"level":"INFO","timestamp":"2026-02-20T21:17:39.833+0300","caller":"api/main.go:36","message":"Logger initialized successfully","level":"debug","log_file":"logs/app.log","development":true}
{"level":"INFO","timestamp":"2026-02-20T21:17:39.842+0300","caller":"api/main.go:68","message":"DATABASE_INFO","info_msg":"Connected to mongodb successfully..."}
{"level":"INFO","timestamp":"2026-02-20T21:17:39.842+0300","caller":"api/main.go:84","message":"INTERNAL_INFO","info_msg":"Starting the go server","server_address":"localhost:8443"}
{"level":"INFO","timestamp":"2026-02-20T21:17:39.842+0300","caller":"server/server.go:74","message":"INTERNAL_INFO","info_msg":"Using an existing TLS certificate..."}
{"level":"INFO","timestamp":"2026-02-20T21:29:29.049+0300","caller":"api/main.go:36","message":"Logger initialized successfully","level":"debug","log_file":"logs/app.log","development":true}
{"level":"INFO","timestamp":"2026-02-20T21:29:29.058+0300","caller":"api/main.go:68","message":"DATABASE_INFO","info_msg":"Connected to mongodb successfully..."}
{"level":"INFO","timestamp":"2026-02-20T21:29:29.059+0300","caller":"api/main.go:84","message":"INTERNAL_INFO","info_msg":"Starting the go server","server_address":"localhost:8443"}
{"level":"INFO","timestamp":"2026-02-20T21:29:29.059+0300","caller":"server/server.go:74","message":"INTERNAL_INFO","info_msg":"Using an existing TLS certificate..."}
{"level":"INFO","timestamp":"2026-02-20T21:30:02.532+0300","caller":"api/main.go:37","message":"Logger initialized successfully","level":"debug","log_file":"logs/app.log","development":true}
{"level":"INFO","timestamp":"2026-02-20T21:30:02.538+0300","caller":"api/main.go:69","message":"DATABASE_INFO","info_msg":"Connected to mongodb successfully..."}
{"level":"INFO","timestamp":"2026-02-20T21:30:31.817+0300","caller":"api/main.go:37","message":"Logger initialized successfully","level":"debug","log_file":"logs/app.log","development":true}
{"level":"INFO","timestamp":"2026-02-20T21:30:31.823+0300","caller":"api/main.go:69","message":"DATABASE_INFO","info_msg":"Connected to mongodb successfully..."}
{"level":"INFO","timestamp":"2026-02-20T21:32:21.278+0300","caller":"api/main.go:37","message":"Logger initialized successfully","level":"debug","log_file":"logs/app.log","development":true}
{"level":"INFO","timestamp":"2026-02-20T21:32:21.285+0300","caller":"api/main.go:69","message":"DATABASE_INFO","info_msg":"Connected to mongodb successfully..."}
{"level":"INFO","timestamp":"2026-02-20T21:40:39.900+0300","caller":"api/main.go:37","message":"Logger initialized successfully","level":"debug","log_file":"logs/app.log","development":true}
{"level":"INFO","timestamp":"2026-02-20T21:40:39.907+0300","caller":"api/main.go:69","message":"DATABASE_INFO","info_msg":"Connected to mongodb successfully..."}
{"level":"INFO","timestamp":"2026-02-20T21:41:04.326+0300","caller":"api/main.go:36","message":"Logger initialized successfully","level":"debug","log_file":"logs/app.log","development":true}
{"level":"INFO","timestamp":"2026-02-20T21:41:04.334+0300","caller":"api/main.go:68","message":"DATABASE_INFO","info_msg":"Connected to mongodb successfully..."}
{"level":"INFO","timestamp":"2026-02-20T21:41:04.334+0300","caller":"api/main.go:83","message":"INTERNAL_INFO","info_msg":"Starting the go server","server_address":"localhost:8443"}
{"level":"INFO","timestamp":"2026-02-20T21:41:04.335+0300","caller":"server/server.go:74","message":"INTERNAL_INFO","info_msg":"Using an existing TLS certificate..."}
{"level":"INFO","timestamp":"2026-02-20T21:41:08.379+0300","caller":"server/server.go:121","message":"INTERNAL_INFO","info_msg":"Shutdown signal recived","signal_type":"interrupt"}
{"level":"INFO","timestamp":"2026-02-20T21:41:08.379+0300","caller":"server/server.go:131","message":"INTERNAL_INFO","info_msg":"Shutting down the server..."}
{"level":"INFO","timestamp":"2026-02-20T21:41:08.380+0300","caller":"server/server.go:137","message":"INTERNAL_INFO","info_msg":"HTTP server shutdown gracefully..."}
{"level":"INFO","timestamp":"2026-02-21T17:31:36.382+0300","caller":"api/main.go:37","message":"Logger initialized successfully","level":"debug","log_file":"logs/app.log","development":true}
{"level":"INFO","timestamp":"2026-02-21T17:31:36.390+0300","caller":"api/main.go:69","message":"DATABASE_INFO","info_msg":"Connected to mongodb successfully..."}
{"level":"INFO","timestamp":"2026-02-21T17:32:33.167+0300","caller":"api/main.go:38","message":"Logger initialized successfully","level":"debug","log_file":"logs/app.log","development":true}
{"level":"INFO","timestamp":"2026-02-21T17:32:33.176+0300","caller":"api/main.go:70","message":"DATABASE_INFO","info_msg":"Connected to mongodb successfully..."}
{"level":"INFO","timestamp":"2026-02-21T17:33:47.121+0300","caller":"api/main.go:38","message":"Logger initialized successfully","level":"debug","log_file":"logs/app.log","development":true}
{"level":"INFO","timestamp":"2026-02-21T17:33:47.127+0300","caller":"api/main.go:70","message":"DATABASE_INFO","info_msg":"Connected to mongodb successfully..."}
{"level":"INFO","timestamp":"2026-02-21T17:33:54.741+0300","caller":"api/main.go:38","message":"Logger initialized successfully","level":"debug","log_file":"logs/app.log","development":true}
{"level":"INFO","timestamp":"2026-02-21T17:33:54.748+0300","caller":"api/main.go:70","message":"DATABASE_INFO","info_msg":"Connected to mongodb successfully..."}
{"level":"INFO","timestamp":"2026-02-21T17:34:02.198+0300","caller":"api/main.go:38","message":"Logger initialized successfully","level":"debug","log_file":"logs/app.log","development":true}
{"level":"INFO","timestamp":"2026-02-21T17:34:02.206+0300","caller":"api/main.go:70","message":"DATABASE_INFO","info_msg":"Connected to mongodb successfully..."}
{"level":"INFO","timestamp":"2026-02-21T17:35:19.093+0300","caller":"api/main.go:38","message":"Logger initialized successfully","level":"debug","log_file":"logs/app.log","development":true}
{"level":"INFO","timestamp":"2026-02-21T17:35:19.101+0300","caller":"api/main.go:70","message":"DATABASE_INFO","info_msg":"Connected to mongodb successfully..."}
{"level":"INFO","timestamp":"2026-02-21T17:36:37.519+0300","caller":"api/main.go:38","message":"Logger initialized successfully","level":"debug","log_file":"logs/app.log","development":true}
{"level":"INFO","timestamp":"2026-02-21T17:36:37.526+0300","caller":"api/main.go:70","message":"DATABASE_INFO","info_msg":"Connected to mongodb successfully..."}
{"level":"INFO","timestamp":"2026-02-21T17:40:55.449+0300","caller":"api/main.go:38","message":"Logger initialized successfully","level":"debug","log_file":"logs/app.log","development":true}
{"level":"INFO","timestamp":"2026-02-21T17:40:55.458+0300","caller":"api/main.go:70","message":"DATABASE_INFO","info_msg":"Connected to mongodb successfully..."}
{"level":"INFO","timestamp":"2026-02-21T17:41:38.530+0300","caller":"api/main.go:38","message":"Logger initialized successfully","level":"debug","log_file":"logs/app.log","development":true}
{"level":"INFO","timestamp":"2026-02-21T17:41:38.538+0300","caller":"api/main.go:70","message":"DATABASE_INFO","info_msg":"Connected to mongodb successfully..."}
{"level":"INFO","timestamp":"2026-02-21T17:42:53.252+0300","caller":"api/main.go:38","message":"Logger initialized successfully","level":"debug","log_file":"logs/app.log","development":true}
{"level":"INFO","timestamp":"2026-02-21T17:42:53.258+0300","caller":"api/main.go:70","message":"DATABASE_INFO","info_msg":"Connected to mongodb successfully..."}
{"level":"INFO","timestamp":"2026-02-21T17:46:09.425+0300","caller":"api/main.go:38","message":"Logger initialized successfully","level":"debug","log_file":"logs/app.log","development":true}
{"level":"INFO","timestamp":"2026-02-21T17:46:09.433+0300","caller":"api/main.go:70","message":"DATABASE_INFO","info_msg":"Connected to mongodb successfully..."}
{"level":"INFO","timestamp":"2026-02-21T17:54:14.155+0300","caller":"api/main.go:38","message":"Logger initialized successfully","level":"debug","log_file":"logs/app.log","development":true}
{"level":"INFO","timestamp":"2026-02-21T17:54:14.162+0300","caller":"api/main.go:70","message":"DATABASE_INFO","info_msg":"Connected to mongodb successfully..."}
{"level":"INFO","timestamp":"2026-02-21T17:54:14.165+0300","caller":"api/main.go:102","message":"INTERNAL_INFO","info_msg":"Starting the go server","server_address":"localhost:8443"}
{"level":"INFO","timestamp":"2026-02-21T17:54:14.165+0300","caller":"server/server.go:74","message":"INTERNAL_INFO","info_msg":"Using an existing TLS certificate..."}
{"level":"INFO","timestamp":"2026-02-21T19:46:51.364+0300","caller":"api/main.go:38","message":"Logger initialized successfully","level":"debug","log_file":"logs/app.log","development":true}
{"level":"INFO","timestamp":"2026-02-21T19:46:51.370+0300","caller":"api/main.go:70","message":"DATABASE_INFO","info_msg":"Connected to mongodb successfully..."}
{"level":"INFO","timestamp":"2026-02-27T14:14:18.211+0300","caller":"api/main.go:38","message":"Logger initialized successfully","level":"debug","log_file":"logs/app.log","development":true}
{"level":"INFO","timestamp":"2026-02-27T14:14:18.218+0300","caller":"api/main.go:70","message":"DATABASE_INFO","info_msg":"Connected to mongodb successfully..."}
{"level":"INFO","timestamp":"2026-02-27T14:14:18.222+0300","caller":"api/main.go:103","message":"INTERNAL_INFO","info_msg":"Starting the go server","server_address":"localhost:8443"}
{"level":"INFO","timestamp":"2026-02-27T14:14:18.222+0300","caller":"server/server.go:74","message":"INTERNAL_INFO","info_msg":"Using an existing TLS certificate..."}
{"level":"INFO","timestamp":"2026-02-27T14:24:36.650+0300","caller":"api/main.go:38","message":"Logger initialized successfully","level":"debug","log_file":"logs/app.log","development":true}
{"level":"INFO","timestamp":"2026-02-27T14:24:36.659+0300","caller":"api/main.go:70","message":"DATABASE_INFO","info_msg":"Connected to mongodb successfully..."}
{"level":"INFO","timestamp":"2026-02-27T14:25:11.488+0300","caller":"api/main.go:38","message":"Logger initialized successfully","level":"debug","log_file":"logs/app.log","development":true}
{"level":"INFO","timestamp":"2026-02-27T14:25:11.496+0300","caller":"api/main.go:70","message":"DATABASE_INFO","info_msg":"Connected to mongodb successfully..."}
{"level":"INFO","timestamp":"2026-02-27T14:25:11.499+0300","caller":"api/main.go:94","message":"INTERNAL_INFO","info_msg":"Starting the go server","server_address":"localhost:8443"}
{"level":"INFO","timestamp":"2026-02-27T14:25:11.500+0300","caller":"server/server.go:74","message":"INTERNAL_INFO","info_msg":"Using an existing TLS certificate..."}
{"level":"INFO","timestamp":"2026-02-27T14:26:09.806+0300","caller":"api/main.go:38","message":"Logger initialized successfully","level":"debug","log_file":"logs/app.log","development":true}
{"level":"INFO","timestamp":"2026-02-27T14:26:09.814+0300","caller":"api/main.go:70","message":"DATABASE_INFO","info_msg":"Connected to mongodb successfully..."}
{"level":"INFO","timestamp":"2026-02-27T14:26:09.816+0300","caller":"api/main.go:94","message":"INTERNAL_INFO","info_msg":"Starting the go server","server_address":"localhost:8443"}
{"level":"INFO","timestamp":"2026-02-27T14:26:09.816+0300","caller":"server/server.go:74","message":"INTERNAL_INFO","info_msg":"Using an existing TLS certificate..."}
{"level":"INFO","timestamp":"2026-02-27T14:26:22.410+0300","caller":"api/main.go:39","message":"Logger initialized successfully","level":"debug","log_file":"logs/app.log","development":true}
{"level":"INFO","timestamp":"2026-02-27T14:26:22.417+0300","caller":"api/main.go:71","message":"DATABASE_INFO","info_msg":"Connected to mongodb successfully..."}
{"level":"INFO","timestamp":"2026-02-27T14:26:22.420+0300","caller":"api/main.go:95","message":"INTERNAL_INFO","info_msg":"Starting the go server","server_address":"localhost:8443"}
{"level":"INFO","timestamp":"2026-02-27T14:26:22.420+0300","caller":"server/server.go:74","message":"INTERNAL_INFO","info_msg":"Using an existing TLS certificate..."}
{"level":"INFO","timestamp":"2026-02-27T14:27:17.025+0300","caller":"api/main.go:38","message":"Logger initialized successfully","level":"debug","log_file":"logs/app.log","development":true}
{"level":"INFO","timestamp":"2026-02-27T14:27:17.034+0300","caller":"api/main.go:70","message":"DATABASE_INFO","info_msg":"Connected to mongodb successfully..."}
{"level":"INFO","timestamp":"2026-02-27T14:27:17.037+0300","caller":"api/main.go:101","message":"INTERNAL_INFO","info_msg":"Starting the go server","server_address":"localhost:8443"}
{"level":"INFO","timestamp":"2026-02-27T14:27:17.037+0300","caller":"server/server.go:74","message":"INTERNAL_INFO","info_msg":"Using an existing TLS certificate..."}
{"level":"INFO","timestamp":"2026-02-27T14:29:26.391+0300","caller":"api/main.go:38","message":"Logger initialized successfully","level":"debug","log_file":"logs/app.log","development":true}
{"level":"INFO","timestamp":"2026-02-27T14:29:26.398+0300","caller":"api/main.go:70","message":"DATABASE_INFO","info_msg":"Connected to mongodb successfully..."}
{"level":"INFO","timestamp":"2026-02-27T14:29:26.401+0300","caller":"api/main.go:101","message":"INTERNAL_INFO","info_msg":"Starting the go server","server_address":"localhost:8443"}
{"level":"INFO","timestamp":"2026-02-27T14:29:26.402+0300","caller":"server/server.go:74","message":"INTERNAL_INFO","info_msg":"Using an existing TLS certificate..."}
{"level":"INFO","timestamp":"2026-02-27T14:31:54.469+0300","caller":"api/main.go:38","message":"Logger initialized successfully","level":"debug","log_file":"logs/app.log","development":true}
{"level":"INFO","timestamp":"2026-02-27T14:31:54.478+0300","caller":"api/main.go:70","message":"DATABASE_INFO","info_msg":"Connected to mongodb successfully..."}
{"level":"INFO","timestamp":"2026-02-27T14:31:54.482+0300","caller":"api/main.go:101","message":"INTERNAL_INFO","info_msg":"Starting the go server","server_address":"localhost:8443"}
{"level":"INFO","timestamp":"2026-02-27T14:31:54.482+0300","caller":"server/server.go:74","message":"INTERNAL_INFO","info_msg":"Using an existing TLS certificate..."}
{"level":"INFO","timestamp":"2026-02-27T14:33:09.679+0300","caller":"api/main.go:38","message":"Logger initialized successfully","level":"debug","log_file":"logs/app.log","development":true}
{"level":"INFO","timestamp":"2026-02-27T14:33:09.686+0300","caller":"api/main.go:70","message":"DATABASE_INFO","info_msg":"Connected to mongodb successfully..."}
{"level":"INFO","timestamp":"2026-02-27T14:33:09.689+0300","caller":"api/main.go:101","message":"INTERNAL_INFO","info_msg":"Starting the go server","server_address":"localhost:8443"}
{"level":"INFO","timestamp":"2026-02-27T14:33:09.690+0300","caller":"server/server.go:74","message":"INTERNAL_INFO","info_msg":"Using an existing TLS certificate..."}
{"level":"INFO","timestamp":"2026-02-27T14:33:23.863+0300","caller":"api/main.go:38","message":"Logger initialized successfully","level":"debug","log_file":"logs/app.log","development":true}
{"level":"INFO","timestamp":"2026-02-27T14:33:23.871+0300","caller":"api/main.go:70","message":"DATABASE_INFO","info_msg":"Connected to mongodb successfully..."}
{"level":"INFO","timestamp":"2026-02-27T14:33:23.887+0300","caller":"api/main.go:104","message":"INTERNAL_INFO","info_msg":"Starting the go server","server_address":"localhost:8443"}
{"level":"INFO","timestamp":"2026-02-27T14:33:23.887+0300","caller":"server/server.go:74","message":"INTERNAL_INFO","info_msg":"Using an existing TLS certificate..."}
{"level":"INFO","timestamp":"2026-02-27T14:34:06.608+0300","caller":"api/main.go:38","message":"Logger initialized successfully","level":"debug","log_file":"logs/app.log","development":true}
{"level":"INFO","timestamp":"2026-02-27T14:34:06.616+0300","caller":"api/main.go:70","message":"DATABASE_INFO","info_msg":"Connected to mongodb successfully..."}
{"level":"INFO","timestamp":"2026-02-27T14:34:06.631+0300","caller":"api/main.go:104","message":"INTERNAL_INFO","info_msg":"Starting the go server","server_address":"localhost:8443"}
{"level":"INFO","timestamp":"2026-02-27T14:34:06.631+0300","caller":"server/server.go:74","message":"INTERNAL_INFO","info_msg":"Using an existing TLS certificate..."}
{"level":"INFO","timestamp":"2026-02-27T15:59:56.202+0300","caller":"api/main.go:38","message":"Logger initialized successfully","level":"debug","log_file":"logs/app.log","development":true}
{"level":"INFO","timestamp":"2026-02-27T15:59:56.209+0300","caller":"api/main.go:70","message":"DATABASE_INFO","info_msg":"Connected to mongodb successfully..."}
{"level":"INFO","timestamp":"2026-02-27T15:59:56.222+0300","caller":"api/main.go:104","message":"INTERNAL_INFO","info_msg":"Starting the go server","server_address":"localhost:8443"}
{"level":"INFO","timestamp":"2026-02-27T15:59:56.222+0300","caller":"server/server.go:74","message":"INTERNAL_INFO","info_msg":"Using an existing TLS certificate..."}
{"level":"FATAL","timestamp":"2026-02-27T15:59:56.223+0300","caller":"server/server.go:118","message":"INTERNAL_ERROR","error_code":"FAILED_TO_START_SERVER_ERROR","error_msg":"unable to start http server","error":"failed to start HTTP server: listen tcp 127.0.0.1:8443: bind: address already in use","stacktrace":"uot-exam/internal/adapters/inbound/http/server.(*Server).waitForShutdownSignal\n\t/home/potato/Dev/final-project/internal/adapters/inbound/http/server/server.go:118\nuot-exam/internal/adapters/inbound/http/server.(*Server).startWithGracefulShutdown\n\t/home/potato/Dev/final-project/internal/adapters/inbound/http/server/server.go:106\nuot-exam/internal/adapters/inbound/http/server.(*Server).StartOverTLS\n\t/home/potato/Dev/final-project/internal/adapters/inbound/http/server/server.go:65\nmain.main\n\t/home/potato/Dev/final-project/cmd/api/main.go:107\nruntime.main\n\t/usr/lib/go/src/runtime/proc.go:290"}
{"level":"INFO","timestamp":"2026-02-27T16:05:10.926+0300","caller":"api/main.go:38","message":"Logger initialized successfully","level":"debug","log_file":"logs/app.log","development":true}
{"level":"INFO","timestamp":"2026-02-27T16:05:10.935+0300","caller":"api/main.go:70","message":"DATABASE_INFO","info_msg":"Connected to mongodb successfully..."}
{"level":"INFO","timestamp":"2026-02-27T16:05:10.936+0300","caller":"api/main.go:38","message":"Logger initialized successfully","level":"debug","log_file":"logs/app.log","development":true}
{"level":"INFO","timestamp":"2026-02-27T16:05:10.946+0300","caller":"api/main.go:70","message":"DATABASE_INFO","info_msg":"Connected to mongodb successfully..."}
{"level":"INFO","timestamp":"2026-02-27T16:05:10.949+0300","caller":"api/main.go:104","message":"INTERNAL_INFO","info_msg":"Starting the go server","server_address":"localhost:8443"}
{"level":"INFO","timestamp":"2026-02-27T16:05:10.950+0300","caller":"server/server.go:74","message":"INTERNAL_INFO","info_msg":"Using an existing TLS certificate..."}
{"level":"INFO","timestamp":"2026-02-27T16:05:10.952+0300","caller":"api/main.go:104","message":"INTERNAL_INFO","info_msg":"Starting the go server","server_address":"localhost:8443"}
{"level":"INFO","timestamp":"2026-02-27T16:05:10.952+0300","caller":"server/server.go:74","message":"INTERNAL_INFO","info_msg":"Using an existing TLS certificate..."}
{"level":"FATAL","timestamp":"2026-02-27T16:05:10.953+0300","caller":"server/server.go:118","message":"INTERNAL_ERROR","error_code":"FAILED_TO_START_SERVER_ERROR","error_msg":"unable to start http server","error":"failed to start HTTP server: listen tcp 127.0.0.1:8443: bind: address already in use","stacktrace":"uot-exam/internal/adapters/inbound/http/server.(*Server).waitForShutdownSignal\n\t/home/potato/Dev/final-project/internal/adapters/inbound/http/server/server.go:118\nuot-exam/internal/adapters/inbound/http/server.(*Server).startWithGracefulShutdown\n\t/home/potato/Dev/final-project/internal/adapters/inbound/http/server/server.go:106\nuot-exam/internal/adapters/inbound/http/server.(*Server).StartOverTLS\n\t/home/potato/Dev/final-project/internal/adapters/inbound/http/server/server.go:65\nmain.main\n\t/home/potato/Dev/final-project/cmd/api/main.go:107\nruntime.main\n\t/usr/lib/go/src/runtime/proc.go:290"}
{"level":"INFO","timestamp":"2026-02-27T16:06:35.423+0300","caller":"api/main.go:38","message":"Logger initialized successfully","level":"debug","log_file":"logs/app.log","development":true}
{"level":"INFO","timestamp":"2026-02-27T16:06:35.425+0300","caller":"api/main.go:38","message":"Logger initialized successfully","level":"debug","log_file":"logs/app.log","development":true}
{"level":"INFO","timestamp":"2026-02-27T16:06:35.433+0300","caller":"api/main.go:70","message":"DATABASE_INFO","info_msg":"Connected to mongodb successfully..."}
{"level":"INFO","timestamp":"2026-02-27T16:06:35.440+0300","caller":"api/main.go:70","message":"DATABASE_INFO","info_msg":"Connected to mongodb successfully..."}
{"level":"INFO","timestamp":"2026-02-27T16:06:35.449+0300","caller":"api/main.go:104","message":"INTERNAL_INFO","info_msg":"Starting the go server","server_address":"localhost:8443"}
{"level":"INFO","timestamp":"2026-02-27T16:06:35.449+0300","caller":"server/server.go:74","message":"INTERNAL_INFO","info_msg":"Using an existing TLS certificate..."}
{"level":"INFO","timestamp":"2026-02-27T16:06:35.452+0300","caller":"api/main.go:104","message":"INTERNAL_INFO","info_msg":"Starting the go server","server_address":"localhost:8443"}
{"level":"INFO","timestamp":"2026-02-27T16:06:35.452+0300","caller":"server/server.go:74","message":"INTERNAL_INFO","info_msg":"Using an existing TLS certificate..."}
{"level":"FATAL","timestamp":"2026-02-27T16:06:35.452+0300","caller":"server/server.go:118","message":"INTERNAL_ERROR","error_code":"FAILED_TO_START_SERVER_ERROR","error_msg":"unable to start http server","error":"failed to start HTTP server: listen tcp 127.0.0.1:8443: bind: address already in use","stacktrace":"uot-exam/internal/adapters/inbound/http/server.(*Server).waitForShutdownSignal\n\t/home/potato/Dev/final-project/internal/adapters/inbound/http/server/server.go:118\nuot-exam/internal/adapters/inbound/http/server.(*Server).startWithGracefulShutdown\n\t/home/potato/Dev/final-project/internal/adapters/inbound/http/server/server.go:106\nuot-exam/internal/adapters/inbound/http/server.(*Server).StartOverTLS\n\t/home/potato/Dev/final-project/internal/adapters/inbound/http/server/server.go:65\nmain.main\n\t/home/potato/Dev/final-project/cmd/api/main.go:107\nruntime.main\n\t/usr/lib/go/src/runtime/proc.go:290"}
{"level":"INFO","timestamp":"2026-02-27T16:06:45.665+0300","caller":"api/main.go:38","message":"Logger initialized successfully","level":"debug","log_file":"logs/app.log","development":true}
{"level":"INFO","timestamp":"2026-02-27T16:06:45.674+0300","caller":"api/main.go:38","message":"Logger initialized successfully","level":"debug","log_file":"logs/app.log","development":true}
{"level":"INFO","timestamp":"2026-02-27T16:06:45.674+0300","caller":"api/main.go:70","message":"DATABASE_INFO","info_msg":"Connected to mongodb successfully..."}
{"level":"INFO","timestamp":"2026-02-27T16:06:45.682+0300","caller":"api/main.go:70","message":"DATABASE_INFO","info_msg":"Connected to mongodb successfully..."}
{"level":"INFO","timestamp":"2026-02-27T16:06:45.688+0300","caller":"api/main.go:104","message":"INTERNAL_INFO","info_msg":"Starting the go server","server_address":"localhost:8443"}
{"level":"INFO","timestamp":"2026-02-27T16:06:45.688+0300","caller":"server/server.go:74","message":"INTERNAL_INFO","info_msg":"Using an existing TLS certificate..."}
{"level":"INFO","timestamp":"2026-02-27T16:06:45.694+0300","caller":"api/main.go:104","message":"INTERNAL_INFO","info_msg":"Starting the go server","server_address":"localhost:8443"}
{"level":"INFO","timestamp":"2026-02-27T16:06:45.694+0300","caller":"server/server.go:74","message":"INTERNAL_INFO","info_msg":"Using an existing TLS certificate..."}
{"level":"FATAL","timestamp":"2026-02-27T16:06:45.695+0300","caller":"server/server.go:118","message":"INTERNAL_ERROR","error_code":"FAILED_TO_START_SERVER_ERROR","error_msg":"unable to start http server","error":"failed to start HTTP server: listen tcp 127.0.0.1:8443: bind: address already in use","stacktrace":"uot-exam/internal/adapters/inbound/http/server.(*Server).waitForShutdownSignal\n\t/home/potato/Dev/final-project/internal/adapters/inbound/http/server/server.go:118\nuot-exam/internal/adapters/inbound/http/server.(*Server).startWithGracefulShutdown\n\t/home/potato/Dev/final-project/internal/adapters/inbound/http/server/server.go:106\nuot-exam/internal/adapters/inbound/http/server.(*Server).StartOverTLS\n\t/home/potato/Dev/final-project/internal/adapters/inbound/http/server/server.go:65\nmain.main\n\t/home/potato/Dev/final-project/cmd/api/main.go:107\nruntime.main\n\t/usr/lib/go/src/runtime/proc.go:290"}
{"level":"INFO","timestamp":"2026-02-27T16:06:55.995+0300","caller":"api/main.go:38","message":"Logger initialized successfully","level":"debug","log_file":"logs/app.log","development":true}
{"level":"INFO","timestamp":"2026-02-27T16:06:56.002+0300","caller":"api/main.go:38","message":"Logger initialized successfully","level":"debug","log_file":"logs/app.log","development":true}
{"level":"INFO","timestamp":"2026-02-27T16:06:56.005+0300","caller":"api/main.go:70","message":"DATABASE_INFO","info_msg":"Connected to mongodb successfully..."}
{"level":"INFO","timestamp":"2026-02-27T16:06:56.012+0300","caller":"api/main.go:70","message":"DATABASE_INFO","info_msg":"Connected to mongodb successfully..."}
{"level":"INFO","timestamp":"2026-02-27T16:06:56.018+0300","caller":"api/main.go:104","message":"INTERNAL_INFO","info_msg":"Starting the go server","server_address":"localhost:8443"}
{"level":"INFO","timestamp":"2026-02-27T16:06:56.018+0300","caller":"server/server.go:74","message":"INTERNAL_INFO","info_msg":"Using an existing TLS certificate..."}
{"level":"INFO","timestamp":"2026-02-27T16:06:56.020+0300","caller":"api/main.go:104","message":"INTERNAL_INFO","info_msg":"Starting the go server","server_address":"localhost:8443"}
{"level":"INFO","timestamp":"2026-02-27T16:06:56.021+0300","caller":"server/server.go:74","message":"INTERNAL_INFO","info_msg":"Using an existing TLS certificate..."}
{"level":"FATAL","timestamp":"2026-02-27T16:06:56.022+0300","caller":"server/server.go:118","message":"INTERNAL_ERROR","error_code":"FAILED_TO_START_SERVER_ERROR","error_msg":"unable to start http server","error":"failed to start HTTP server: listen tcp 127.0.0.1:8443: bind: address already in use","stacktrace":"uot-exam/internal/adapters/inbound/http/server.(*Server).waitForShutdownSignal\n\t/home/potato/Dev/final-project/internal/adapters/inbound/http/server/server.go:118\nuot-exam/internal/adapters/inbound/http/server.(*Server).startWithGracefulShutdown\n\t/home/potato/Dev/final-project/internal/adapters/inbound/http/server/server.go:106\nuot-exam/internal/adapters/inbound/http/server.(*Server).StartOverTLS\n\t/home/potato/Dev/final-project/internal/adapters/inbound/http/server/server.go:65\nmain.main\n\t/home/potato/Dev/final-project/cmd/api/main.go:107\nruntime.main\n\t/usr/lib/go/src/runtime/proc.go:290"}
{"level":"INFO","timestamp":"2026-02-27T16:07:30.063+0300","caller":"api/main.go:39","message":"Logger initialized successfully","level":"debug","log_file":"logs/app.log","development":true}
{"level":"INFO","timestamp":"2026-02-27T16:07:30.063+0300","caller":"api/main.go:39","message":"Logger initialized successfully","level":"debug","log_file":"logs/app.log","development":true}
{"level":"INFO","timestamp":"2026-02-27T16:07:30.070+0300","caller":"api/main.go:71","message":"DATABASE_INFO","info_msg":"Connected to mongodb successfully..."}
{"level":"INFO","timestamp":"2026-02-27T16:07:30.071+0300","caller":"api/main.go:71","message":"DATABASE_INFO","info_msg":"Connected to mongodb successfully..."}
{"level":"INFO","timestamp":"2026-02-27T16:07:30.088+0300","caller":"api/main.go:112","message":"INTERNAL_INFO","info_msg":"Starting the go server","server_address":"localhost:8443"}
{"level":"INFO","timestamp":"2026-02-27T16:07:30.088+0300","caller":"server/server.go:74","message":"INTERNAL_INFO","info_msg":"Using an existing TLS certificate..."}
{"level":"INFO","timestamp":"2026-02-27T16:07:30.090+0300","caller":"api/main.go:112","message":"INTERNAL_INFO","info_msg":"Starting the go server","server_address":"localhost:8443"}
{"level":"INFO","timestamp":"2026-02-27T16:07:30.090+0300","caller":"server/server.go:74","message":"INTERNAL_INFO","info_msg":"Using an existing TLS certificate..."}
{"level":"FATAL","timestamp":"2026-02-27T16:07:30.090+0300","caller":"server/server.go:118","message":"INTERNAL_ERROR","error_code":"FAILED_TO_START_SERVER_ERROR","error_msg":"unable to start http server","error":"failed to start HTTP server: listen tcp 127.0.0.1:8443: bind: address already in use","stacktrace":"uot-exam/internal/adapters/inbound/http/server.(*Server).waitForShutdownSignal\n\t/home/potato/Dev/final-project/internal/adapters/inbound/http/server/server.go:118\nuot-exam/internal/adapters/inbound/http/server.(*Server).startWithGracefulShutdown\n\t/home/potato/Dev/final-project/internal/adapters/inbound/http/server/server.go:106\nuot-exam/internal/adapters/inbound/http/server.(*Server).StartOverTLS\n\t/home/potato/Dev/final-project/internal/adapters/inbound/http/server/server.go:65\nmain.main\n\t/home/potato/Dev/final-project/cmd/api/main.go:115\nruntime.main\n\t/usr/lib/go/src/runtime/proc.go:290"}
{"level":"INFO","timestamp":"2026-02-27T16:07:56.690+0300","caller":"api/main.go:39","message":"Logger initialized successfully","level":"debug","log_file":"logs/app.log","development":true}
{"level":"INFO","timestamp":"2026-02-27T16:07:56.697+0300","caller":"api/main.go:71","message":"DATABASE_INFO","info_msg":"Connected to mongodb successfully..."}
{"level":"INFO","timestamp":"2026-02-27T16:07:56.713+0300","caller":"api/main.go:112","message":"INTERNAL_INFO","info_msg":"Starting the go server","server_address":"localhost:8443"}
{"level":"INFO","timestamp":"2026-02-27T16:07:56.713+0300","caller":"server/server.go:74","message":"INTERNAL_INFO","info_msg":"Using an existing TLS certificate..."}
{"level":"INFO","timestamp":"2026-02-27T16:08:11.667+0300","caller":"api/main.go:39","message":"Logger initialized successfully","level":"debug","log_file":"logs/app.log","development":true}
{"level":"INFO","timestamp":"2026-02-27T16:08:11.668+0300","caller":"api/main.go:39","message":"Logger initialized successfully","level":"debug","log_file":"logs/app.log","development":true}
{"level":"INFO","timestamp":"2026-02-27T16:08:11.675+0300","caller":"api/main.go:71","message":"DATABASE_INFO","info_msg":"Connected to mongodb successfully..."}
{"level":"INFO","timestamp":"2026-02-27T16:08:11.679+0300","caller":"api/main.go:71","message":"DATABASE_INFO","info_msg":"Connected to mongodb successfully..."}
{"level":"INFO","timestamp":"2026-02-27T16:08:11.697+0300","caller":"api/main.go:112","message":"INTERNAL_INFO","info_msg":"Starting the go server","server_address":"localhost:8443"}
{"level":"INFO","timestamp":"2026-02-27T16:08:11.697+0300","caller":"server/server.go:74","message":"INTERNAL_INFO","info_msg":"Using an existing TLS certificate..."}
{"level":"INFO","timestamp":"2026-02-27T16:08:11.700+0300","caller":"api/main.go:112","message":"INTERNAL_INFO","info_msg":"Starting the go server","server_address":"localhost:8443"}
{"level":"INFO","timestamp":"2026-02-27T16:08:11.701+0300","caller":"server/server.go:74","message":"INTERNAL_INFO","info_msg":"Using an existing TLS certificate..."}
{"level":"FATAL","timestamp":"2026-02-27T16:08:11.701+0300","caller":"server/server.go:118","message":"INTERNAL_ERROR","error_code":"FAILED_TO_START_SERVER_ERROR","error_msg":"unable to start http server","error":"failed to start HTTP server: listen tcp 127.0.0.1:8443: bind: address already in use","stacktrace":"uot-exam/internal/adapters/inbound/http/server.(*Server).waitForShutdownSignal\n\t/home/potato/Dev/final-project/internal/adapters/inbound/http/server/server.go:118\nuot-exam/internal/adapters/inbound/http/server.(*Server).startWithGracefulShutdown\n\t/home/potato/Dev/final-project/internal/adapters/inbound/http/server/server.go:106\nuot-exam/internal/adapters/inbound/http/server.(*Server).StartOverTLS\n\t/home/potato/Dev/final-project/internal/adapters/inbound/http/server/server.go:65\nmain.main\n\t/home/potato/Dev/final-project/cmd/api/main.go:115\nruntime.main\n\t/usr/lib/go/src/runtime/proc.go:290"}
{"level":"INFO","timestamp":"2026-02-27T16:08:22.583+0300","caller":"api/main.go:39","message":"Logger initialized successfully","level":"debug","log_file":"logs/app.log","development":true}
{"level":"INFO","timestamp":"2026-02-27T16:08:22.589+0300","caller":"api/main.go:71","message":"DATABASE_INFO","info_msg":"Connected to mongodb successfully..."}
{"level":"INFO","timestamp":"2026-02-27T16:08:22.604+0300","caller":"api/main.go:112","message":"INTERNAL_INFO","info_msg":"Starting the go server","server_address":"localhost:8443"}
{"level":"INFO","timestamp":"2026-02-27T16:08:22.604+0300","caller":"server/server.go:74","message":"INTERNAL_INFO","info_msg":"Using an existing TLS certificate..."}
{"level":"FATAL","timestamp":"2026-02-27T16:08:22.605+0300","caller":"server/server.go:118","message":"INTERNAL_ERROR","error_code":"FAILED_TO_START_SERVER_ERROR","error_msg":"unable to start http server","error":"failed to start HTTP server: listen tcp 127.0.0.1:8443: bind: address already in use","stacktrace":"uot-exam/internal/adapters/inbound/http/server.(*Server).waitForShutdownSignal\n\t/home/potato/Dev/final-project/internal/adapters/inbound/http/server/server.go:118\nuot-exam/internal/adapters/inbound/http/server.(*Server).startWithGracefulShutdown\n\t/home/potato/Dev/final-project/internal/adapters/inbound/http/server/server.go:106\nuot-exam/internal/adapters/inbound/http/server.(*Server).StartOverTLS\n\t/home/potato/Dev/final-project/internal/adapters/inbound/http/server/server.go:65\nmain.main\n\t/home/potato/Dev/final-project/cmd/api/main.go:115\nruntime.main\n\t/usr/lib/go/src/runtime/proc.go:290"}
{"level":"INFO","timestamp":"2026-02-27T16:08:38.808+0300","caller":"api/main.go:39","message":"Logger initialized successfully","level":"debug","log_file":"logs/app.log","development":true}
{"level":"INFO","timestamp":"2026-02-27T16:08:38.817+0300","caller":"api/main.go:71","message":"DATABASE_INFO","info_msg":"Connected to mongodb successfully..."}
{"level":"INFO","timestamp":"2026-02-27T16:08:38.837+0300","caller":"api/main.go:112","message":"INTERNAL_INFO","info_msg":"Starting the go server","server_address":"localhost:8443"}
{"level":"INFO","timestamp":"2026-02-27T16:08:38.837+0300","caller":"server/server.go:74","message":"INTERNAL_INFO","info_msg":"Using an existing TLS certificate..."}
{"level":"INFO","timestamp":"2026-02-27T16:10:20.160+0300","caller":"api/main.go:39","message":"Logger initialized successfully","level":"debug","log_file":"logs/app.log","development":true}
{"level":"INFO","timestamp":"2026-02-27T16:10:20.167+0300","caller":"api/main.go:71","message":"DATABASE_INFO","info_msg":"Connected to mongodb successfully..."}
{"level":"INFO","timestamp":"2026-02-27T16:10:20.182+0300","caller":"api/main.go:118","message":"INTERNAL_INFO","info_msg":"Starting the go server","server_address":"localhost:8443"}
{"level":"INFO","timestamp":"2026-02-27T16:10:20.182+0300","caller":"server/server.go:74","message":"INTERNAL_INFO","info_msg":"Using an existing TLS certificate..."}
{"level":"INFO","timestamp":"2026-02-27T16:11:19.976+0300","caller":"api/main.go:39","message":"Logger initialized successfully","level":"debug","log_file":"logs/app.log","development":true}
{"level":"INFO","timestamp":"2026-02-27T16:11:19.983+0300","caller":"api/main.go:71","message":"DATABASE_INFO","info_msg":"Connected to mongodb successfully..."}
{"level":"INFO","timestamp":"2026-02-27T16:11:20.000+0300","caller":"api/main.go:118","message":"INTERNAL_INFO","info_msg":"Starting the go server","server_address":"localhost:8443"}
{"level":"INFO","timestamp":"2026-02-27T16:11:20.000+0300","caller":"server/server.go:74","message":"INTERNAL_INFO","info_msg":"Using an existing TLS certificate..."}
{"level":"INFO","timestamp":"2026-02-27T16:12:03.564+0300","caller":"api/main.go:39","message":"Logger initialized successfully","level":"debug","log_file":"logs/app.log","development":true}
{"level":"INFO","timestamp":"2026-02-27T16:12:03.570+0300","caller":"api/main.go:71","message":"DATABASE_INFO","info_msg":"Connected to mongodb successfully..."}
{"level":"INFO","timestamp":"2026-02-27T16:12:03.585+0300","caller":"api/main.go:118","message":"INTERNAL_INFO","info_msg":"Starting the go server","server_address":"localhost:8443"}
{"level":"INFO","timestamp":"2026-02-27T16:12:03.586+0300","caller":"server/server.go:74","message":"INTERNAL_INFO","info_msg":"Using an existing TLS certificate..."}
{"level":"INFO","timestamp":"2026-02-27T16:13:47.354+0300","caller":"api/main.go:39","message":"Logger initialized successfully","level":"debug","log_file":"logs/app.log","development":true}
{"level":"INFO","timestamp":"2026-02-27T16:13:47.360+0300","caller":"api/main.go:71","message":"DATABASE_INFO","info_msg":"Connected to mongodb successfully..."}
{"level":"INFO","timestamp":"2026-02-27T16:13:47.375+0300","caller":"api/main.go:116","message":"INTERNAL_INFO","info_msg":"Starting the go server","server_address":"localhost:8443"}
{"level":"INFO","timestamp":"2026-02-27T16:13:47.375+0300","caller":"server/server.go:74","message":"INTERNAL_INFO","info_msg":"Using an existing TLS certificate..."}
{"level":"INFO","timestamp":"2026-02-27T16:14:06.376+0300","caller":"api/main.go:39","message":"Logger initialized successfully","level":"debug","log_file":"logs/app.log","development":true}
{"level":"INFO","timestamp":"2026-02-27T16:14:06.385+0300","caller":"api/main.go:71","message":"DATABASE_INFO","info_msg":"Connected to mongodb successfully..."}
{"level":"INFO","timestamp":"2026-02-27T16:14:06.399+0300","caller":"api/main.go:116","message":"INTERNAL_INFO","info_msg":"Starting the go server","server_address":"localhost:8443"}
{"level":"INFO","timestamp":"2026-02-27T16:14:06.399+0300","caller":"server/server.go:74","message":"INTERNAL_INFO","info_msg":"Using an existing TLS certificate..."}
{"level":"INFO","timestamp":"2026-02-27T16:14:29.936+0300","caller":"api/main.go:39","message":"Logger initialized successfully","level":"debug","log_file":"logs/app.log","development":true}
{"level":"INFO","timestamp":"2026-02-27T16:14:29.943+0300","caller":"api/main.go:71","message":"DATABASE_INFO","info_msg":"Connected to mongodb successfully..."}
{"level":"INFO","timestamp":"2026-02-27T16:14:29.978+0300","caller":"api/main.go:118","message":"INTERNAL_INFO","info_msg":"Starting the go server","server_address":"localhost:8443"}
{"level":"INFO","timestamp":"2026-02-27T16:14:29.978+0300","caller":"server/server.go:74","message":"INTERNAL_INFO","info_msg":"Using an existing TLS certificate..."}
{"level":"INFO","timestamp":"2026-02-27T16:16:41.241+0300","caller":"api/main.go:39","message":"Logger initialized successfully","level":"debug","log_file":"logs/app.log","development":true}
{"level":"INFO","timestamp":"2026-02-27T16:16:41.248+0300","caller":"api/main.go:71","message":"DATABASE_INFO","info_msg":"Connected to mongodb successfully..."}
{"level":"INFO","timestamp":"2026-02-27T16:16:48.543+0300","caller":"api/main.go:39","message":"Logger initialized successfully","level":"debug","log_file":"logs/app.log","development":true}
{"level":"INFO","timestamp":"2026-02-27T16:16:48.549+0300","caller":"api/main.go:71","message":"DATABASE_INFO","info_msg":"Connected to mongodb successfully..."}
{"level":"INFO","timestamp":"2026-02-27T16:18:08.434+0300","caller":"api/main.go:39","message":"Logger initialized successfully","level":"debug","log_file":"logs/app.log","development":true}
{"level":"INFO","timestamp":"2026-02-27T16:18:08.442+0300","caller":"api/main.go:71","message":"DATABASE_INFO","info_msg":"Connected to mongodb successfully..."}
{"level":"INFO","timestamp":"2026-02-27T16:18:08.454+0300","caller":"api/main.go:108","message":"INTERNAL_INFO","info_msg":"Starting the go server","server_address":"localhost:8443"}
{"level":"INFO","timestamp":"2026-02-27T16:18:08.454+0300","caller":"server/server.go:74","message":"INTERNAL_INFO","info_msg":"Using an existing TLS certificate..."}
{"level":"INFO","timestamp":"2026-02-27T16:18:56.439+0300","caller":"api/main.go:39","message":"Logger initialized successfully","level":"debug","log_file":"logs/app.log","development":true}
{"level":"INFO","timestamp":"2026-02-27T16:18:56.446+0300","caller":"api/main.go:71","message":"DATABASE_INFO","info_msg":"Connected to mongodb successfully..."}
{"level":"INFO","timestamp":"2026-02-27T16:19:27.249+0300","caller":"api/main.go:39","message":"Logger initialized successfully","level":"debug","log_file":"logs/app.log","development":true}
{"level":"INFO","timestamp":"2026-02-27T16:19:27.256+0300","caller":"api/main.go:71","message":"DATABASE_INFO","info_msg":"Connected to mongodb successfully..."}
{"level":"INFO","timestamp":"2026-02-27T16:19:27.261+0300","caller":"api/main.go:108","message":"INTERNAL_INFO","info_msg":"Starting the go server","server_address":"localhost:8443"}
{"level":"INFO","timestamp":"2026-02-27T16:19:27.261+0300","caller":"server/server.go:74","message":"INTERNAL_INFO","info_msg":"Using an existing TLS certificate..."}
{"level":"INFO","timestamp":"2026-02-27T16:20:15.453+0300","caller":"api/main.go:39","message":"Logger initialized successfully","level":"debug","log_file":"logs/app.log","development":true}
{"level":"INFO","timestamp":"2026-02-27T16:20:15.464+0300","caller":"api/main.go:71","message":"DATABASE_INFO","info_msg":"Connected to mongodb successfully..."}
{"level":"INFO","timestamp":"2026-02-27T16:20:15.467+0300","caller":"api/main.go:108","message":"INTERNAL_INFO","info_msg":"Starting the go server","server_address":"localhost:8443"}
{"level":"INFO","timestamp":"2026-02-27T16:20:15.467+0300","caller":"server/server.go:74","message":"INTERNAL_INFO","info_msg":"Using an existing TLS certificate..."}
{"level":"INFO","timestamp":"2026-02-27T16:20:39.745+0300","caller":"api/main.go:39","message":"Logger initialized successfully","level":"debug","log_file":"logs/app.log","development":true}
{"level":"INFO","timestamp":"2026-02-27T16:20:39.753+0300","caller":"api/main.go:71","message":"DATABASE_INFO","info_msg":"Connected to mongodb successfully..."}
{"level":"INFO","timestamp":"2026-02-27T16:20:39.756+0300","caller":"api/main.go:112","message":"INTERNAL_INFO","info_msg":"Starting the go server","server_address":"localhost:8443"}
{"level":"INFO","timestamp":"2026-02-27T16:20:39.757+0300","caller":"server/server.go:74","message":"INTERNAL_INFO","info_msg":"Using an existing TLS certificate..."}
{"level":"INFO","timestamp":"2026-02-27T16:21:04.227+0300","caller":"api/main.go:39","message":"Logger initialized successfully","level":"debug","log_file":"logs/app.log","development":true}
{"level":"INFO","timestamp":"2026-02-27T16:21:04.235+0300","caller":"api/main.go:71","message":"DATABASE_INFO","info_msg":"Connected to mongodb successfully..."}
{"level":"INFO","timestamp":"2026-02-27T16:21:04.238+0300","caller":"api/main.go:113","message":"INTERNAL_INFO","info_msg":"Starting the go server","server_address":"localhost:8443"}
{"level":"INFO","timestamp":"2026-02-27T16:21:04.238+0300","caller":"server/server.go:74","message":"INTERNAL_INFO","info_msg":"Using an existing TLS certificate..."}
{"level":"INFO","timestamp":"2026-02-27T16:21:37.198+0300","caller":"api/main.go:39","message":"Logger initialized successfully","level":"debug","log_file":"logs/app.log","development":true}
{"level":"INFO","timestamp":"2026-02-27T16:21:37.204+0300","caller":"api/main.go:71","message":"DATABASE_INFO","info_msg":"Connected to mongodb successfully..."}
{"level":"INFO","timestamp":"2026-02-27T16:21:37.207+0300","caller":"api/main.go:110","message":"INTERNAL_INFO","info_msg":"Starting the go server","server_address":"localhost:8443"}
{"level":"INFO","timestamp":"2026-02-27T16:21:37.208+0300","caller":"server/server.go:74","message":"INTERNAL_INFO","info_msg":"Using an existing TLS certificate..."}
{"level":"INFO","timestamp":"2026-02-27T16:22:39.885+0300","caller":"api/main.go:39","message":"Logger initialized successfully","level":"debug","log_file":"logs/app.log","development":true}
{"level":"INFO","timestamp":"2026-02-27T16:22:39.894+0300","caller":"api/main.go:71","message":"DATABASE_INFO","info_msg":"Connected to mongodb successfully..."}
{"level":"INFO","timestamp":"2026-02-27T16:22:39.898+0300","caller":"api/main.go:110","message":"INTERNAL_INFO","info_msg":"Starting the go server","server_address":"localhost:8443"}
{"level":"INFO","timestamp":"2026-02-27T16:22:39.899+0300","caller":"server/server.go:74","message":"INTERNAL_INFO","info_msg":"Using an existing TLS certificate..."}
{"level":"INFO","timestamp":"2026-02-27T16:22:49.914+0300","caller":"api/main.go:39","message":"Logger initialized successfully","level":"debug","log_file":"logs/app.log","development":true}
{"level":"INFO","timestamp":"2026-02-27T16:22:49.922+0300","caller":"api/main.go:71","message":"DATABASE_INFO","info_msg":"Connected to mongodb successfully..."}
{"level":"INFO","timestamp":"2026-02-27T16:22:49.925+0300","caller":"api/main.go:110","message":"INTERNAL_INFO","info_msg":"Starting the go server","server_address":"localhost:8443"}
{"level":"INFO","timestamp":"2026-02-27T16:22:49.925+0300","caller":"server/server.go:74","message":"INTERNAL_INFO","info_msg":"Using an existing TLS certificate..."}
{"level":"INFO","timestamp":"2026-02-27T16:23:07.432+0300","caller":"api/main.go:41","message":"Logger initialized successfully","level":"debug","log_file":"logs/app.log","development":true}
{"level":"INFO","timestamp":"2026-02-27T16:23:07.441+0300","caller":"api/main.go:73","message":"DATABASE_INFO","info_msg":"Connected to mongodb successfully..."}
{"level":"INFO","timestamp":"2026-02-27T16:23:07.446+0300","caller":"api/main.go:124","message":"INTERNAL_INFO","info_msg":"Starting the go server","server_address":"localhost:8443"}
{"level":"INFO","timestamp":"2026-02-27T16:23:07.446+0300","caller":"server/server.go:74","message":"INTERNAL_INFO","info_msg":"Using an existing TLS certificate..."}
{"level":"INFO","timestamp":"2026-02-27T16:24:04.837+0300","caller":"api/main.go:41","message":"Logger initialized successfully","level":"debug","log_file":"logs/app.log","development":true}
{"level":"INFO","timestamp":"2026-02-27T16:24:04.842+0300","caller":"api/main.go:73","message":"DATABASE_INFO","info_msg":"Connected to mongodb successfully..."}
{"level":"INFO","timestamp":"2026-02-27T16:24:04.848+0300","caller":"api/main.go:126","message":"INTERNAL_INFO","info_msg":"Starting the go server","server_address":"localhost:8443"}
{"level":"INFO","timestamp":"2026-02-27T16:24:04.848+0300","caller":"server/server.go:74","message":"INTERNAL_INFO","info_msg":"Using an existing TLS certificate..."}
{"level":"INFO","timestamp":"2026-02-27T16:25:03.727+0300","caller":"api/main.go:41","message":"Logger initialized successfully","level":"debug","log_file":"logs/app.log","development":true}
{"level":"INFO","timestamp":"2026-02-27T16:25:03.734+0300","caller":"api/main.go:73","message":"DATABASE_INFO","info_msg":"Connected to mongodb successfully..."}
{"level":"INFO","timestamp":"2026-02-27T16:25:03.750+0300","caller":"api/main.go:126","message":"INTERNAL_INFO","info_msg":"Starting the go server","server_address":"localhost:8443"}
{"level":"INFO","timestamp":"2026-02-27T16:25:03.750+0300","caller":"server/server.go:74","message":"INTERNAL_INFO","info_msg":"Using an existing TLS certificate..."}
{"level":"INFO","timestamp":"2026-02-27T16:33:05.576+0300","caller":"api/main.go:41","message":"Logger initialized successfully","level":"debug","log_file":"logs/app.log","development":true}
{"level":"INFO","timestamp":"2026-02-27T16:33:05.583+0300","caller":"api/main.go:73","message":"DATABASE_INFO","info_msg":"Connected to mongodb successfully..."}
{"level":"INFO","timestamp":"2026-02-27T16:33:05.588+0300","caller":"api/main.go:133","message":"INTERNAL_INFO","info_msg":"Starting the go server","server_address":"localhost:8443"}
{"level":"INFO","timestamp":"2026-02-27T16:33:05.588+0300","caller":"server/server.go:74","message":"INTERNAL_INFO","info_msg":"Using an existing TLS certificate..."}
{"level":"INFO","timestamp":"2026-02-27T16:33:30.773+0300","caller":"api/main.go:41","message":"Logger initialized successfully","level":"debug","log_file":"logs/app.log","development":true}
{"level":"INFO","timestamp":"2026-02-27T16:33:30.780+0300","caller":"api/main.go:73","message":"DATABASE_INFO","info_msg":"Connected to mongodb successfully..."}
{"level":"INFO","timestamp":"2026-02-27T16:33:30.798+0300","caller":"api/main.go:133","message":"INTERNAL_INFO","info_msg":"Starting the go server","server_address":"localhost:8443"}
{"level":"INFO","timestamp":"2026-02-27T16:33:30.798+0300","caller":"server/server.go:74","message":"INTERNAL_INFO","info_msg":"Using an existing TLS certificate..."}
{"level":"INFO","timestamp":"2026-02-27T17:13:52.349+0300","caller":"api/main.go:41","message":"Logger initialized successfully","level":"debug","log_file":"logs/app.log","development":true}
{"level":"INFO","timestamp":"2026-02-27T17:13:52.356+0300","caller":"api/main.go:73","message":"DATABASE_INFO","info_msg":"Connected to mongodb successfully..."}
{"level":"INFO","timestamp":"2026-02-27T17:13:52.375+0300","caller":"api/main.go:133","message":"INTERNAL_INFO","info_msg":"Starting the go server","server_address":"localhost:8443"}
{"level":"INFO","timestamp":"2026-02-27T17:13:52.376+0300","caller":"server/server.go:74","message":"INTERNAL_INFO","info_msg":"Using an existing TLS certificate..."}
{"level":"INFO","timestamp":"2026-02-27T17:17:30.622+0300","caller":"api/main.go:41","message":"Logger initialized successfully","level":"debug","log_file":"logs/app.log","development":true}
{"level":"INFO","timestamp":"2026-02-27T17:17:30.629+0300","caller":"api/main.go:73","message":"DATABASE_INFO","info_msg":"Connected to mongodb successfully..."}
{"level":"INFO","timestamp":"2026-02-27T17:17:30.638+0300","caller":"api/main.go:155","message":"INTERNAL_INFO","info_msg":"Starting the go server","server_address":"localhost:8443"}
{"level":"INFO","timestamp":"2026-02-27T17:17:30.638+0300","caller":"server/server.go:74","message":"INTERNAL_INFO","info_msg":"Using an existing TLS certificate..."}
{"level":"INFO","timestamp":"2026-02-27T17:17:45.394+0300","caller":"api/main.go:41","message":"Logger initialized successfully","level":"debug","log_file":"logs/app.log","development":true}
{"level":"INFO","timestamp":"2026-02-27T17:17:45.401+0300","caller":"api/main.go:73","message":"DATABASE_INFO","info_msg":"Connected to mongodb successfully..."}
{"level":"INFO","timestamp":"2026-02-27T17:17:45.426+0300","caller":"api/main.go:155","message":"INTERNAL_INFO","info_msg":"Starting the go server","server_address":"localhost:8443"}
{"level":"INFO","timestamp":"2026-02-27T17:17:45.426+0300","caller":"server/server.go:74","message":"INTERNAL_INFO","info_msg":"Using an existing TLS certificate..."}
{"level":"INFO","timestamp":"2026-02-27T17:21:03.110+0300","caller":"api/main.go:41","message":"Logger initialized successfully","level":"debug","log_file":"logs/app.log","development":true}
{"level":"INFO","timestamp":"2026-02-27T17:21:03.118+0300","caller":"api/main.go:73","message":"DATABASE_INFO","info_msg":"Connected to mongodb successfully..."}
{"level":"INFO","timestamp":"2026-02-27T17:21:03.125+0300","caller":"api/main.go:161","message":"INTERNAL_INFO","info_msg":"Starting the go server","server_address":"localhost:8443"}
{"level":"INFO","timestamp":"2026-02-27T17:21:03.125+0300","caller":"server/server.go:74","message":"INTERNAL_INFO","info_msg":"Using an existing TLS certificate..."}
{"level":"INFO","timestamp":"2026-02-27T17:21:13.515+0300","caller":"api/main.go:41","message":"Logger initialized successfully","level":"debug","log_file":"logs/app.log","development":true}
{"level":"INFO","timestamp":"2026-02-27T17:21:13.521+0300","caller":"api/main.go:73","message":"DATABASE_INFO","info_msg":"Connected to mongodb successfully..."}
{"level":"INFO","timestamp":"2026-02-27T17:21:13.553+0300","caller":"api/main.go:161","message":"INTERNAL_INFO","info_msg":"Starting the go server","server_address":"localhost:8443"}
{"level":"INFO","timestamp":"2026-02-27T17:21:13.553+0300","caller":"server/server.go:74","message":"INTERNAL_INFO","info_msg":"Using an existing TLS certificate..."}
{"level":"INFO","timestamp":"2026-02-27T17:22:51.190+0300","caller":"api/main.go:41","message":"Logger initialized successfully","level":"debug","log_file":"logs/app.log","development":true}
{"level":"INFO","timestamp":"2026-02-27T17:22:51.196+0300","caller":"api/main.go:73","message":"DATABASE_INFO","info_msg":"Connected to mongodb successfully..."}
{"level":"INFO","timestamp":"2026-02-27T17:22:51.204+0300","caller":"api/main.go:164","message":"INTERNAL_INFO","info_msg":"Starting the go server","server_address":"localhost:8443"}
{"level":"INFO","timestamp":"2026-02-27T17:22:51.204+0300","caller":"server/server.go:74","message":"INTERNAL_INFO","info_msg":"Using an existing TLS certificate..."}
{"level":"INFO","timestamp":"2026-02-27T17:22:59.460+0300","caller":"api/main.go:41","message":"Logger initialized successfully","level":"debug","log_file":"logs/app.log","development":true}
{"level":"INFO","timestamp":"2026-02-27T17:22:59.467+0300","caller":"api/main.go:73","message":"DATABASE_INFO","info_msg":"Connected to mongodb successfully..."}
{"level":"INFO","timestamp":"2026-02-27T17:22:59.503+0300","caller":"api/main.go:164","message":"INTERNAL_INFO","info_msg":"Starting the go server","server_address":"localhost:8443"}
{"level":"INFO","timestamp":"2026-02-27T17:22:59.503+0300","caller":"server/server.go:74","message":"INTERNAL_INFO","info_msg":"Using an existing TLS certificate..."}
{"level":"INFO","timestamp":"2026-02-27T17:25:13.244+0300","caller":"api/main.go:41","message":"Logger initialized successfully","level":"debug","log_file":"logs/app.log","development":true}
{"level":"INFO","timestamp":"2026-02-27T17:25:13.252+0300","caller":"api/main.go:73","message":"DATABASE_INFO","info_msg":"Connected to mongodb successfully..."}
{"level":"INFO","timestamp":"2026-02-27T17:25:13.260+0300","caller":"api/main.go:164","message":"INTERNAL_INFO","info_msg":"Starting the go server","server_address":"localhost:8443"}
{"level":"INFO","timestamp":"2026-02-27T17:25:13.260+0300","caller":"server/server.go:74","message":"INTERNAL_INFO","info_msg":"Using an existing TLS certificate..."}
{"level":"INFO","timestamp":"2026-02-27T17:25:23.203+0300","caller":"api/main.go:41","message":"Logger initialized successfully","level":"debug","log_file":"logs/app.log","development":true}
{"level":"INFO","timestamp":"2026-02-27T17:25:23.209+0300","caller":"api/main.go:73","message":"DATABASE_INFO","info_msg":"Connected to mongodb successfully..."}
{"level":"INFO","timestamp":"2026-02-27T17:25:23.236+0300","caller":"api/main.go:164","message":"INTERNAL_INFO","info_msg":"Starting the go server","server_address":"localhost:8443"}
{"level":"INFO","timestamp":"2026-02-27T17:25:23.236+0300","caller":"server/server.go:74","message":"INTERNAL_INFO","info_msg":"Using an existing TLS certificate..."}
{"level":"INFO","timestamp":"2026-02-27T17:26:38.787+0300","caller":"api/main.go:41","message":"Logger initialized successfully","level":"debug","log_file":"logs/app.log","development":true}
{"level":"INFO","timestamp":"2026-02-27T17:26:38.796+0300","caller":"api/main.go:73","message":"DATABASE_INFO","info_msg":"Connected to mongodb successfully..."}
{"level":"INFO","timestamp":"2026-02-27T17:26:38.806+0300","caller":"api/main.go:164","message":"INTERNAL_INFO","info_msg":"Starting the go server","server_address":"localhost:8443"}
{"level":"INFO","timestamp":"2026-02-27T17:26:38.807+0300","caller":"server/server.go:74","message":"INTERNAL_INFO","info_msg":"Using an existing TLS certificate..."}
{"level":"INFO","timestamp":"2026-02-27T17:28:44.483+0300","caller":"api/main.go:41","message":"Logger initialized successfully","level":"debug","log_file":"logs/app.log","development":true}
{"level":"INFO","timestamp":"2026-02-27T17:28:44.490+0300","caller":"api/main.go:73","message":"DATABASE_INFO","info_msg":"Connected to mongodb successfully..."}
{"level":"INFO","timestamp":"2026-02-27T17:28:44.498+0300","caller":"api/main.go:164","message":"INTERNAL_INFO","info_msg":"Starting the go server","server_address":"localhost:8443"}
{"level":"INFO","timestamp":"2026-02-27T17:28:44.498+0300","caller":"server/server.go:74","message":"INTERNAL_INFO","info_msg":"Using an existing TLS certificate..."}
{"level":"INFO","timestamp":"2026-02-27T17:29:24.550+0300","caller":"api/main.go:41","message":"Logger initialized successfully","level":"debug","log_file":"logs/app.log","development":true}
{"level":"INFO","timestamp":"2026-02-27T17:29:24.557+0300","caller":"api/main.go:73","message":"DATABASE_INFO","info_msg":"Connected to mongodb successfully..."}
{"level":"INFO","timestamp":"2026-02-27T17:29:24.567+0300","caller":"api/main.go:92","message":"INTERNAL_INFO","info_msg":"Starting the go server","server_address":"localhost:8443"}
{"level":"INFO","timestamp":"2026-02-27T17:29:24.567+0300","caller":"server/server.go:74","message":"INTERNAL_INFO","info_msg":"Using an existing TLS certificate..."}
{"level":"INFO","timestamp":"2026-02-27T17:29:41.781+0300","caller":"api/main.go:41","message":"Logger initialized successfully","level":"debug","log_file":"logs/app.log","development":true}
{"level":"INFO","timestamp":"2026-02-27T17:29:41.790+0300","caller":"api/main.go:73","message":"DATABASE_INFO","info_msg":"Connected to mongodb successfully..."}
{"level":"INFO","timestamp":"2026-02-27T17:29:41.798+0300","caller":"api/main.go:92","message":"INTERNAL_INFO","info_msg":"Starting the go server","server_address":"localhost:8443"}
{"level":"INFO","timestamp":"2026-02-27T17:29:41.798+0300","caller":"server/server.go:74","message":"INTERNAL_INFO","info_msg":"Using an existing TLS certificate..."}
{"level":"INFO","timestamp":"2026-02-27T17:40:37.577+0300","caller":"api/main.go:41","message":"Logger initialized successfully","level":"debug","log_file":"logs/app.log","development":true}
{"level":"INFO","timestamp":"2026-02-27T17:40:37.583+0300","caller":"api/main.go:73","message":"DATABASE_INFO","info_msg":"Connected to mongodb successfully..."}
{"level":"INFO","timestamp":"2026-02-27T17:40:37.593+0300","caller":"api/main.go:92","message":"INTERNAL_INFO","info_msg":"Starting the go server","server_address":"localhost:8443"}
{"level":"INFO","timestamp":"2026-02-27T17:40:37.593+0300","caller":"server/server.go:74","message":"INTERNAL_INFO","info_msg":"Using an existing TLS certificate..."}
{"level":"INFO","timestamp":"2026-02-27T17:48:46.842+0300","caller":"api/main.go:41","message":"Logger initialized successfully","level":"debug","log_file":"logs/app.log","development":true}
{"level":"INFO","timestamp":"2026-02-27T17:48:46.850+0300","caller":"api/main.go:73","message":"DATABASE_INFO","info_msg":"Connected to mongodb successfully..."}
{"level":"INFO","timestamp":"2026-02-27T17:48:46.859+0300","caller":"api/main.go:92","message":"INTERNAL_INFO","info_msg":"Starting the go server","server_address":"localhost:8443"}
{"level":"INFO","timestamp":"2026-02-27T17:48:46.859+0300","caller":"server/server.go:74","message":"INTERNAL_INFO","info_msg":"Using an existing TLS certificate..."}
{"level":"INFO","timestamp":"2026-02-27T17:49:08.311+0300","caller":"api/main.go:41","message":"Logger initialized successfully","level":"debug","log_file":"logs/app.log","development":true}
{"level":"INFO","timestamp":"2026-02-27T17:49:08.318+0300","caller":"api/main.go:73","message":"DATABASE_INFO","info_msg":"Connected to mongodb successfully..."}
{"level":"INFO","timestamp":"2026-02-27T17:49:08.327+0300","caller":"api/main.go:92","message":"INTERNAL_INFO","info_msg":"Starting the go server","server_address":"localhost:8443"}
{"level":"INFO","timestamp":"2026-02-27T17:49:08.327+0300","caller":"server/server.go:74","message":"INTERNAL_INFO","info_msg":"Using an existing TLS certificate..."}
{"level":"INFO","timestamp":"2026-02-27T17:50:22.920+0300","caller":"api/main.go:41","message":"Logger initialized successfully","level":"debug","log_file":"logs/app.log","development":true}
{"level":"INFO","timestamp":"2026-02-27T17:50:22.926+0300","caller":"api/main.go:73","message":"DATABASE_INFO","info_msg":"Connected to mongodb successfully..."}
{"level":"INFO","timestamp":"2026-02-27T17:50:22.935+0300","caller":"api/main.go:92","message":"INTERNAL_INFO","info_msg":"Starting the go server","server_address":"localhost:8443"}
{"level":"INFO","timestamp":"2026-02-27T17:50:22.935+0300","caller":"server/server.go:74","message":"INTERNAL_INFO","info_msg":"Using an existing TLS certificate..."}
{"level":"INFO","timestamp":"2026-02-27T17:50:47.541+0300","caller":"api/main.go:41","message":"Logger initialized successfully","level":"debug","log_file":"logs/app.log","development":true}
{"level":"INFO","timestamp":"2026-02-27T17:50:47.548+0300","caller":"api/main.go:73","message":"DATABASE_INFO","info_msg":"Connected to mongodb successfully..."}
{"level":"INFO","timestamp":"2026-02-27T17:50:47.559+0300","caller":"api/main.go:92","message":"INTERNAL_INFO","info_msg":"Starting the go server","server_address":"localhost:8443"}
{"level":"INFO","timestamp":"2026-02-27T17:50:47.559+0300","caller":"server/server.go:74","message":"INTERNAL_INFO","info_msg":"Using an existing TLS certificate..."}
{"level":"INFO","timestamp":"2026-02-27T17:53:50.545+0300","caller":"api/main.go:41","message":"Logger initialized successfully","level":"debug","log_file":"logs/app.log","development":true}
{"level":"INFO","timestamp":"2026-02-27T17:53:50.554+0300","caller":"api/main.go:73","message":"DATABASE_INFO","info_msg":"Connected to mongodb successfully..."}
{"level":"INFO","timestamp":"2026-02-27T17:53:50.562+0300","caller":"api/main.go:92","message":"INTERNAL_INFO","info_msg":"Starting the go server","server_address":"localhost:8443"}
{"level":"INFO","timestamp":"2026-02-27T17:53:50.562+0300","caller":"server/server.go:74","message":"INTERNAL_INFO","info_msg":"Using an existing TLS certificate..."}
{"level":"INFO","timestamp":"2026-02-27T18:03:24.054+0300","caller":"api/main.go:41","message":"Logger initialized successfully","level":"debug","log_file":"logs/app.log","development":true}
{"level":"INFO","timestamp":"2026-02-27T18:03:24.061+0300","caller":"api/main.go:73","message":"DATABASE_INFO","info_msg":"Connected to mongodb successfully..."}
{"level":"INFO","timestamp":"2026-02-27T18:03:24.069+0300","caller":"api/main.go:92","message":"INTERNAL_INFO","info_msg":"Starting the go server","server_address":"localhost:8443"}
{"level":"INFO","timestamp":"2026-02-27T18:03:24.070+0300","caller":"server/server.go:74","message":"INTERNAL_INFO","info_msg":"Using an existing TLS certificate..."}
{"level":"INFO","timestamp":"2026-02-27T18:03:43.944+0300","caller":"api/main.go:41","message":"Logger initialized successfully","level":"debug","log_file":"logs/app.log","development":true}
{"level":"INFO","timestamp":"2026-02-27T18:03:43.953+0300","caller":"api/main.go:73","message":"DATABASE_INFO","info_msg":"Connected to mongodb successfully..."}
{"level":"INFO","timestamp":"2026-02-27T18:03:43.960+0300","caller":"api/main.go:92","message":"INTERNAL_INFO","info_msg":"Starting the go server","server_address":"localhost:8443"}
{"level":"INFO","timestamp":"2026-02-27T18:03:43.960+0300","caller":"server/server.go:74","message":"INTERNAL_INFO","info_msg":"Using an existing TLS certificate..."}
{"level":"INFO","timestamp":"2026-02-27T18:03:46.715+0300","caller":"api/main.go:41","message":"Logger initialized successfully","level":"debug","log_file":"logs/app.log","development":true}
{"level":"INFO","timestamp":"2026-02-27T18:03:46.722+0300","caller":"api/main.go:73","message":"DATABASE_INFO","info_msg":"Connected to mongodb successfully..."}
{"level":"INFO","timestamp":"2026-02-27T18:03:46.729+0300","caller":"api/main.go:92","message":"INTERNAL_INFO","info_msg":"Starting the go server","server_address":"localhost:8443"}
{"level":"INFO","timestamp":"2026-02-27T18:03:46.730+0300","caller":"server/server.go:74","message":"INTERNAL_INFO","info_msg":"Using an existing TLS certificate..."}
{"level":"INFO","timestamp":"2026-02-27T18:03:56.258+0300","caller":"api/main.go:41","message":"Logger initialized successfully","level":"debug","log_file":"logs/app.log","development":true}
{"level":"INFO","timestamp":"2026-02-27T18:03:56.270+0300","caller":"api/main.go:73","message":"DATABASE_INFO","info_msg":"Connected to mongodb successfully..."}
{"level":"INFO","timestamp":"2026-02-27T18:03:56.279+0300","caller":"api/main.go:92","message":"INTERNAL_INFO","info_msg":"Starting the go server","server_address":"localhost:8443"}
{"level":"INFO","timestamp":"2026-02-27T18:03:56.280+0300","caller":"server/server.go:74","message":"INTERNAL_INFO","info_msg":"Using an existing TLS certificate..."}
{"level":"INFO","timestamp":"2026-02-27T18:05:17.692+0300","caller":"api/main.go:41","message":"Logger initialized successfully","level":"debug","log_file":"logs/app.log","development":true}
{"level":"INFO","timestamp":"2026-02-27T18:05:17.700+0300","caller":"api/main.go:73","message":"DATABASE_INFO","info_msg":"Connected to mongodb successfully..."}
{"level":"INFO","timestamp":"2026-02-27T18:05:17.711+0300","caller":"api/main.go:92","message":"INTERNAL_INFO","info_msg":"Starting the go server","server_address":"localhost:8443"}
{"level":"INFO","timestamp":"2026-02-27T18:05:17.711+0300","caller":"server/server.go:74","message":"INTERNAL_INFO","info_msg":"Using an existing TLS certificate..."}
{"level":"INFO","timestamp":"2026-02-27T18:05:29.375+0300","caller":"api/main.go:41","message":"Logger initialized successfully","level":"debug","log_file":"logs/app.log","development":true}
{"level":"INFO","timestamp":"2026-02-27T18:05:29.384+0300","caller":"api/main.go:73","message":"DATABASE_INFO","info_msg":"Connected to mongodb successfully..."}
{"level":"INFO","timestamp":"2026-02-27T18:05:29.393+0300","caller":"api/main.go:92","message":"INTERNAL_INFO","info_msg":"Starting the go server","server_address":"localhost:8443"}
{"level":"INFO","timestamp":"2026-02-27T18:05:29.393+0300","caller":"server/server.go:74","message":"INTERNAL_INFO","info_msg":"Using an existing TLS certificate..."}
{"level":"INFO","timestamp":"2026-02-27T18:05:39.733+0300","caller":"api/main.go:41","message":"Logger initialized successfully","level":"debug","log_file":"logs/app.log","development":true}
{"level":"INFO","timestamp":"2026-02-27T18:05:39.742+0300","caller":"api/main.go:73","message":"DATABASE_INFO","info_msg":"Connected to mongodb successfully..."}
{"level":"INFO","timestamp":"2026-02-27T18:05:39.749+0300","caller":"api/main.go:92","message":"INTERNAL_INFO","info_msg":"Starting the go server","server_address":"localhost:8443"}
{"level":"INFO","timestamp":"2026-02-27T18:05:39.749+0300","caller":"server/server.go:74","message":"INTERNAL_INFO","info_msg":"Using an existing TLS certificate..."}
{"level":"INFO","timestamp":"2026-02-27T18:05:53.295+0300","caller":"api/main.go:41","message":"Logger initialized successfully","level":"debug","log_file":"logs/app.log","development":true}
{"level":"INFO","timestamp":"2026-02-27T18:05:53.307+0300","caller":"api/main.go:73","message":"DATABASE_INFO","info_msg":"Connected to mongodb successfully..."}
{"level":"INFO","timestamp":"2026-02-27T18:05:53.317+0300","caller":"api/main.go:92","message":"INTERNAL_INFO","info_msg":"Starting the go server","server_address":"localhost:8443"}
{"level":"INFO","timestamp":"2026-02-27T18:05:53.317+0300","caller":"server/server.go:74","message":"INTERNAL_INFO","info_msg":"Using an existing TLS certificate..."}
{"level":"INFO","timestamp":"2026-02-27T18:06:13.108+0300","caller":"api/main.go:41","message":"Logger initialized successfully","level":"debug","log_file":"logs/app.log","development":true}
{"level":"INFO","timestamp":"2026-02-27T18:06:13.117+0300","caller":"api/main.go:73","message":"DATABASE_INFO","info_msg":"Connected to mongodb successfully..."}
{"level":"INFO","timestamp":"2026-02-27T18:06:13.124+0300","caller":"api/main.go:92","message":"INTERNAL_INFO","info_msg":"Starting the go server","server_address":"localhost:8443"}
{"level":"INFO","timestamp":"2026-02-27T18:06:13.124+0300","caller":"server/server.go:74","message":"INTERNAL_INFO","info_msg":"Using an existing TLS certificate..."}
{"level":"INFO","timestamp":"2026-02-27T18:06:32.020+0300","caller":"api/main.go:41","message":"Logger initialized successfully","level":"debug","log_file":"logs/app.log","development":true}
{"level":"INFO","timestamp":"2026-02-27T18:06:32.027+0300","caller":"api/main.go:73","message":"DATABASE_INFO","info_msg":"Connected to mongodb successfully..."}
{"level":"INFO","timestamp":"2026-02-27T18:06:32.037+0300","caller":"api/main.go:92","message":"INTERNAL_INFO","info_msg":"Starting the go server","server_address":"localhost:8443"}
{"level":"INFO","timestamp":"2026-02-27T18:06:32.037+0300","caller":"server/server.go:74","message":"INTERNAL_INFO","info_msg":"Using an existing TLS certificate..."}
{"level":"INFO","timestamp":"2026-02-27T18:06:58.811+0300","caller":"api/main.go:41","message":"Logger initialized successfully","level":"debug","log_file":"logs/app.log","development":true}
{"level":"INFO","timestamp":"2026-02-27T18:06:58.819+0300","caller":"api/main.go:73","message":"DATABASE_INFO","info_msg":"Connected to mongodb successfully..."}
{"level":"INFO","timestamp":"2026-02-27T18:06:58.827+0300","caller":"api/main.go:92","message":"INTERNAL_INFO","info_msg":"Starting the go server","server_address":"localhost:8443"}
{"level":"INFO","timestamp":"2026-02-27T18:06:58.827+0300","caller":"server/server.go:74","message":"INTERNAL_INFO","info_msg":"Using an existing TLS certificate..."}
{"level":"INFO","timestamp":"2026-02-27T18:10:47.000+0300","caller":"api/main.go:41","message":"Logger initialized successfully","level":"debug","log_file":"logs/app.log","development":true}
{"level":"INFO","timestamp":"2026-02-27T18:10:47.008+0300","caller":"api/main.go:73","message":"DATABASE_INFO","info_msg":"Connected to mongodb successfully..."}
{"level":"INFO","timestamp":"2026-02-27T18:10:47.014+0300","caller":"api/main.go:92","message":"INTERNAL_INFO","info_msg":"Starting the go server","server_address":"localhost:8443"}
{"level":"INFO","timestamp":"2026-02-27T18:10:47.014+0300","caller":"server/server.go:74","message":"INTERNAL_INFO","info_msg":"Using an existing TLS certificate..."}
{"level":"INFO","timestamp":"2026-02-27T18:11:19.193+0300","caller":"api/main.go:41","message":"Logger initialized successfully","level":"debug","log_file":"logs/app.log","development":true}
{"level":"INFO","timestamp":"2026-02-27T18:11:19.202+0300","caller":"api/main.go:73","message":"DATABASE_INFO","info_msg":"Connected to mongodb successfully..."}
{"level":"INFO","timestamp":"2026-02-27T18:11:19.212+0300","caller":"api/main.go:92","message":"INTERNAL_INFO","info_msg":"Starting the go server","server_address":"localhost:8443"}
{"level":"INFO","timestamp":"2026-02-27T18:11:19.212+0300","caller":"server/server.go:74","message":"INTERNAL_INFO","info_msg":"Using an existing TLS certificate..."}
{"level":"INFO","timestamp":"2026-02-27T18:13:40.819+0300","caller":"api/main.go:41","message":"Logger initialized successfully","level":"debug","log_file":"logs/app.log","development":true}
{"level":"INFO","timestamp":"2026-02-27T18:13:40.827+0300","caller":"api/main.go:73","message":"DATABASE_INFO","info_msg":"Connected to mongodb successfully..."}
{"level":"INFO","timestamp":"2026-02-27T18:13:40.840+0300","caller":"api/main.go:92","message":"INTERNAL_INFO","info_msg":"Starting the go server","server_address":"localhost:8443"}
{"level":"INFO","timestamp":"2026-02-27T18:13:40.840+0300","caller":"server/server.go:74","message":"INTERNAL_INFO","info_msg":"Using an existing TLS certificate..."}
{"level":"INFO","timestamp":"2026-02-27T18:13:49.451+0300","caller":"api/main.go:41","message":"Logger initialized successfully","level":"debug","log_file":"logs/app.log","development":true}
{"level":"INFO","timestamp":"2026-02-27T18:13:49.461+0300","caller":"api/main.go:73","message":"DATABASE_INFO","info_msg":"Connected to mongodb successfully..."}
{"level":"INFO","timestamp":"2026-02-27T18:13:49.471+0300","caller":"api/main.go:92","message":"INTERNAL_INFO","info_msg":"Starting the go server","server_address":"localhost:8443"}
{"level":"INFO","timestamp":"2026-02-27T18:13:49.472+0300","caller":"server/server.go:74","message":"INTERNAL_INFO","info_msg":"Using an existing TLS certificate..."}
{"level":"INFO","timestamp":"2026-02-27T18:14:07.260+0300","caller":"api/main.go:41","message":"Logger initialized successfully","level":"debug","log_file":"logs/app.log","development":true}
{"level":"INFO","timestamp":"2026-02-27T18:14:07.267+0300","caller":"api/main.go:73","message":"DATABASE_INFO","info_msg":"Connected to mongodb successfully..."}
{"level":"INFO","timestamp":"2026-02-27T18:14:07.277+0300","caller":"api/main.go:92","message":"INTERNAL_INFO","info_msg":"Starting the go server","server_address":"localhost:8443"}
{"level":"INFO","timestamp":"2026-02-27T18:14:07.277+0300","caller":"server/server.go:74","message":"INTERNAL_INFO","info_msg":"Using an existing TLS certificate..."}
{"level":"INFO","timestamp":"2026-02-27T18:14:13.806+0300","caller":"api/main.go:41","message":"Logger initialized successfully","level":"debug","log_file":"logs/app.log","development":true}
{"level":"INFO","timestamp":"2026-02-27T18:14:13.815+0300","caller":"api/main.go:73","message":"DATABASE_INFO","info_msg":"Connected to mongodb successfully..."}
{"level":"INFO","timestamp":"2026-02-27T18:14:13.825+0300","caller":"api/main.go:92","message":"INTERNAL_INFO","info_msg":"Starting the go server","server_address":"localhost:8443"}
{"level":"INFO","timestamp":"2026-02-27T18:14:13.825+0300","caller":"server/server.go:74","message":"INTERNAL_INFO","info_msg":"Using an existing TLS certificate..."}
{"level":"INFO","timestamp":"2026-02-27T18:14:28.894+0300","caller":"api/main.go:41","message":"Logger initialized successfully","level":"debug","log_file":"logs/app.log","development":true}
{"level":"INFO","timestamp":"2026-02-27T18:14:28.901+0300","caller":"api/main.go:73","message":"DATABASE_INFO","info_msg":"Connected to mongodb successfully..."}
{"level":"INFO","timestamp":"2026-02-27T18:14:28.908+0300","caller":"api/main.go:92","message":"INTERNAL_INFO","info_msg":"Starting the go server","server_address":"localhost:8443"}
{"level":"INFO","timestamp":"2026-02-27T18:14:28.908+0300","caller":"server/server.go:74","message":"INTERNAL_INFO","info_msg":"Using an existing TLS certificate..."}
{"level":"INFO","timestamp":"2026-02-27T18:15:13.254+0300","caller":"api/main.go:41","message":"Logger initialized successfully","level":"debug","log_file":"logs/app.log","development":true}
{"level":"INFO","timestamp":"2026-02-27T18:15:13.262+0300","caller":"api/main.go:73","message":"DATABASE_INFO","info_msg":"Connected to mongodb successfully..."}
{"level":"INFO","timestamp":"2026-02-27T18:15:13.272+0300","caller":"api/main.go:92","message":"INTERNAL_INFO","info_msg":"Starting the go server","server_address":"localhost:8443"}
{"level":"INFO","timestamp":"2026-02-27T18:15:13.272+0300","caller":"server/server.go:74","message":"INTERNAL_INFO","info_msg":"Using an existing TLS certificate..."}
{"level":"INFO","timestamp":"2026-02-27T18:15:30.450+0300","caller":"api/main.go:41","message":"Logger initialized successfully","level":"debug","log_file":"logs/app.log","development":true}
{"level":"INFO","timestamp":"2026-02-27T18:15:30.459+0300","caller":"api/main.go:73","message":"DATABASE_INFO","info_msg":"Connected to mongodb successfully..."}
{"level":"INFO","timestamp":"2026-02-27T18:15:30.469+0300","caller":"api/main.go:92","message":"INTERNAL_INFO","info_msg":"Starting the go server","server_address":"localhost:8443"}
{"level":"INFO","timestamp":"2026-02-27T18:15:30.469+0300","caller":"server/server.go:74","message":"INTERNAL_INFO","info_msg":"Using an existing TLS certificate..."}
{"level":"INFO","timestamp":"2026-02-27T18:16:13.096+0300","caller":"api/main.go:41","message":"Logger initialized successfully","level":"debug","log_file":"logs/app.log","development":true}
{"level":"INFO","timestamp":"2026-02-27T18:16:13.104+0300","caller":"api/main.go:73","message":"DATABASE_INFO","info_msg":"Connected to mongodb successfully..."}
{"level":"INFO","timestamp":"2026-02-27T18:16:13.110+0300","caller":"api/main.go:92","message":"INTERNAL_INFO","info_msg":"Starting the go server","server_address":"localhost:8443"}
{"level":"INFO","timestamp":"2026-02-27T18:16:13.110+0300","caller":"server/server.go:74","message":"INTERNAL_INFO","info_msg":"Using an existing TLS certificate..."}
{"level":"INFO","timestamp":"2026-02-27T18:16:42.351+0300","caller":"api/main.go:41","message":"Logger initialized successfully","level":"debug","log_file":"logs/app.log","development":true}
{"level":"INFO","timestamp":"2026-02-27T18:16:42.360+0300","caller":"api/main.go:73","message":"DATABASE_INFO","info_msg":"Connected to mongodb successfully..."}
{"level":"INFO","timestamp":"2026-02-27T18:16:42.367+0300","caller":"api/main.go:92","message":"INTERNAL_INFO","info_msg":"Starting the go server","server_address":"localhost:8443"}
{"level":"INFO","timestamp":"2026-02-27T18:16:42.368+0300","caller":"server/server.go:74","message":"INTERNAL_INFO","info_msg":"Using an existing TLS certificate..."}
{"level":"INFO","timestamp":"2026-02-27T18:18:37.948+0300","caller":"api/main.go:41","message":"Logger initialized successfully","level":"debug","log_file":"logs/app.log","development":true}
{"level":"INFO","timestamp":"2026-02-27T18:18:37.955+0300","caller":"api/main.go:73","message":"DATABASE_INFO","info_msg":"Connected to mongodb successfully..."}
{"level":"INFO","timestamp":"2026-02-27T18:18:37.971+0300","caller":"api/main.go:93","message":"INTERNAL_INFO","info_msg":"Starting the go server","server_address":"localhost:8443"}
{"level":"INFO","timestamp":"2026-02-27T18:18:37.971+0300","caller":"server/server.go:74","message":"INTERNAL_INFO","info_msg":"Using an existing TLS certificate..."}
{"level":"INFO","timestamp":"2026-02-27T18:18:41.416+0300","caller":"api/main.go:41","message":"Logger initialized successfully","level":"debug","log_file":"logs/app.log","development":true}
{"level":"INFO","timestamp":"2026-02-27T18:18:41.423+0300","caller":"api/main.go:73","message":"DATABASE_INFO","info_msg":"Connected to mongodb successfully..."}
{"level":"INFO","timestamp":"2026-02-27T18:18:41.425+0300","caller":"api/main.go:93","message":"INTERNAL_INFO","info_msg":"Starting the go server","server_address":"localhost:8443"}
{"level":"INFO","timestamp":"2026-02-27T18:18:41.425+0300","caller":"server/server.go:74","message":"INTERNAL_INFO","info_msg":"Using an existing TLS certificate..."}
{"level":"INFO","timestamp":"2026-02-27T18:18:44.173+0300","caller":"api/main.go:41","message":"Logger initialized successfully","level":"debug","log_file":"logs/app.log","development":true}
{"level":"INFO","timestamp":"2026-02-27T18:18:44.181+0300","caller":"api/main.go:73","message":"DATABASE_INFO","info_msg":"Connected to mongodb successfully..."}
{"level":"INFO","timestamp":"2026-02-27T18:18:44.184+0300","caller":"api/main.go:93","message":"INTERNAL_INFO","info_msg":"Starting the go server","server_address":"localhost:8443"}
{"level":"INFO","timestamp":"2026-02-27T18:18:44.185+0300","caller":"server/server.go:74","message":"INTERNAL_INFO","info_msg":"Using an existing TLS certificate..."}
{"level":"INFO","timestamp":"2026-02-27T18:19:02.527+0300","caller":"api/main.go:41","message":"Logger initialized successfully","level":"debug","log_file":"logs/app.log","development":true}
{"level":"INFO","timestamp":"2026-02-27T18:19:02.533+0300","caller":"api/main.go:73","message":"DATABASE_INFO","info_msg":"Connected to mongodb successfully..."}
{"level":"INFO","timestamp":"2026-02-27T18:19:02.545+0300","caller":"api/main.go:93","message":"INTERNAL_INFO","info_msg":"Starting the go server","server_address":"localhost:8443"}
{"level":"INFO","timestamp":"2026-02-27T18:19:02.545+0300","caller":"server/server.go:74","message":"INTERNAL_INFO","info_msg":"Using an existing TLS certificate..."}
{"level":"INFO","timestamp":"2026-02-27T18:19:50.392+0300","caller":"api/main.go:41","message":"Logger initialized successfully","level":"debug","log_file":"logs/app.log","development":true}
{"level":"INFO","timestamp":"2026-02-27T18:19:50.398+0300","caller":"api/main.go:73","message":"DATABASE_INFO","info_msg":"Connected to mongodb successfully..."}
{"level":"INFO","timestamp":"2026-02-27T18:19:50.403+0300","caller":"api/main.go:93","message":"INTERNAL_INFO","info_msg":"Starting the go server","server_address":"localhost:8443"}
{"level":"INFO","timestamp":"2026-02-27T18:19:50.403+0300","caller":"server/server.go:74","message":"INTERNAL_INFO","info_msg":"Using an existing TLS certificate..."}
{"level":"INFO","timestamp":"2026-02-27T18:20:01.667+0300","caller":"api/main.go:41","message":"Logger initialized successfully","level":"debug","log_file":"logs/app.log","development":true}
{"level":"INFO","timestamp":"2026-02-27T18:20:01.674+0300","caller":"api/main.go:73","message":"DATABASE_INFO","info_msg":"Connected to mongodb successfully..."}
{"level":"INFO","timestamp":"2026-02-27T18:20:01.688+0300","caller":"api/main.go:93","message":"INTERNAL_INFO","info_msg":"Starting the go server","server_address":"localhost:8443"}
{"level":"INFO","timestamp":"2026-02-27T18:20:01.688+0300","caller":"server/server.go:74","message":"INTERNAL_INFO","info_msg":"Using an existing TLS certificate..."}
{"level":"INFO","timestamp":"2026-02-27T18:20:16.544+0300","caller":"api/main.go:41","message":"Logger initialized successfully","level":"debug","log_file":"logs/app.log","development":true}
{"level":"INFO","timestamp":"2026-02-27T18:20:16.550+0300","caller":"api/main.go:73","message":"DATABASE_INFO","info_msg":"Connected to mongodb successfully..."}
{"level":"INFO","timestamp":"2026-02-27T18:20:16.556+0300","caller":"api/main.go:93","message":"INTERNAL_INFO","info_msg":"Starting the go server","server_address":"localhost:8443"}
{"level":"INFO","timestamp":"2026-02-27T18:20:16.556+0300","caller":"server/server.go:74","message":"INTERNAL_INFO","info_msg":"Using an existing TLS certificate..."}
{"level":"INFO","timestamp":"2026-02-27T18:20:31.304+0300","caller":"api/main.go:41","message":"Logger initialized successfully","level":"debug","log_file":"logs/app.log","development":true}
{"level":"INFO","timestamp":"2026-02-27T18:20:31.309+0300","caller":"api/main.go:73","message":"DATABASE_INFO","info_msg":"Connected to mongodb successfully..."}
{"level":"INFO","timestamp":"2026-02-27T18:20:31.323+0300","caller":"api/main.go:93","message":"INTERNAL_INFO","info_msg":"Starting the go server","server_address":"localhost:8443"}
{"level":"INFO","timestamp":"2026-02-27T18:20:31.323+0300","caller":"server/server.go:74","message":"INTERNAL_INFO","info_msg":"Using an existing TLS certificate..."}
{"level":"INFO","timestamp":"2026-02-27T18:21:27.829+0300","caller":"api/main.go:40","message":"Logger initialized successfully","level":"debug","log_file":"logs/app.log","development":true}
{"level":"INFO","timestamp":"2026-02-27T18:21:27.836+0300","caller":"api/main.go:72","message":"DATABASE_INFO","info_msg":"Connected to mongodb successfully..."}
{"level":"INFO","timestamp":"2026-02-27T18:21:27.838+0300","caller":"api/main.go:92","message":"INTERNAL_INFO","info_msg":"Starting the go server","server_address":"localhost:8443"}
{"level":"INFO","timestamp":"2026-02-27T18:21:27.838+0300","caller":"server/server.go:74","message":"INTERNAL_INFO","info_msg":"Using an existing TLS certificate..."}
{"level":"INFO","timestamp":"2026-02-27T18:39:49.808+0300","caller":"api/main.go:40","message":"Logger initialized successfully","level":"debug","log_file":"logs/app.log","development":true}
{"level":"INFO","timestamp":"2026-02-27T18:39:49.816+0300","caller":"api/main.go:72","message":"DATABASE_INFO","info_msg":"Connected to mongodb successfully..."}
{"level":"INFO","timestamp":"2026-02-27T18:39:49.819+0300","caller":"api/main.go:92","message":"INTERNAL_INFO","info_msg":"Starting the go server","server_address":"localhost:8443"}
{"level":"INFO","timestamp":"2026-02-27T18:39:49.819+0300","caller":"server/server.go:74","message":"INTERNAL_INFO","info_msg":"Using an existing TLS certificate..."}
{"level":"INFO","timestamp":"2026-02-27T18:45:28.304+0300","caller":"api/main.go:40","message":"Logger initialized successfully","level":"debug","log_file":"logs/app.log","development":true}
{"level":"INFO","timestamp":"2026-02-27T18:45:28.311+0300","caller":"api/main.go:72","message":"DATABASE_INFO","info_msg":"Connected to mongodb successfully..."}
{"level":"INFO","timestamp":"2026-02-27T18:45:28.313+0300","caller":"api/main.go:92","message":"INTERNAL_INFO","info_msg":"Starting the go server","server_address":"localhost:8443"}
{"level":"INFO","timestamp":"2026-02-27T18:45:28.314+0300","caller":"server/server.go:74","message":"INTERNAL_INFO","info_msg":"Using an existing TLS certificate..."}
{"level":"INFO","timestamp":"2026-02-27T18:58:27.225+0300","caller":"api/main.go:39","message":"Logger initialized successfully","level":"debug","log_file":"logs/app.log","development":true}
{"level":"INFO","timestamp":"2026-02-27T18:58:27.232+0300","caller":"api/main.go:71","message":"DATABASE_INFO","info_msg":"Connected to mongodb successfully..."}
{"level":"INFO","timestamp":"2026-02-27T18:58:27.232+0300","caller":"api/main.go:91","message":"INTERNAL_INFO","info_msg":"Starting the go server","server_address":"localhost:8443"}
{"level":"INFO","timestamp":"2026-02-27T18:58:27.232+0300","caller":"server/server.go:74","message":"INTERNAL_INFO","info_msg":"Using an existing TLS certificate..."}
{"level":"INFO","timestamp":"2026-02-27T18:58:40.487+0300","caller":"api/main.go:39","message":"Logger initialized successfully","level":"debug","log_file":"logs/app.log","development":true}
{"level":"INFO","timestamp":"2026-02-27T18:58:40.493+0300","caller":"api/main.go:71","message":"DATABASE_INFO","info_msg":"Connected to mongodb successfully..."}
{"level":"INFO","timestamp":"2026-02-27T18:58:40.493+0300","caller":"api/main.go:91","message":"INTERNAL_INFO","info_msg":"Starting the go server","server_address":"localhost:8443"}
{"level":"INFO","timestamp":"2026-02-27T18:58:40.493+0300","caller":"server/server.go:74","message":"INTERNAL_INFO","info_msg":"Using an existing TLS certificate..."}
{"level":"INFO","timestamp":"2026-02-27T18:59:20.960+0300","caller":"api/main.go:39","message":"Logger initialized successfully","level":"debug","log_file":"logs/app.log","development":true}
{"level":"INFO","timestamp":"2026-02-27T18:59:20.966+0300","caller":"api/main.go:71","message":"DATABASE_INFO","info_msg":"Connected to mongodb successfully..."}
{"level":"INFO","timestamp":"2026-02-27T18:59:20.968+0300","caller":"api/main.go:91","message":"INTERNAL_INFO","info_msg":"Starting the go server","server_address":"localhost:8443"}
{"level":"INFO","timestamp":"2026-02-27T18:59:20.968+0300","caller":"server/server.go:74","message":"INTERNAL_INFO","info_msg":"Using an existing TLS certificate..."}
{"level":"INFO","timestamp":"2026-02-27T19:32:21.792+0300","caller":"api/main.go:40","message":"Logger initialized successfully","level":"debug","log_file":"logs/app.log","development":true}
{"level":"INFO","timestamp":"2026-02-27T19:32:21.799+0300","caller":"api/main.go:72","message":"DATABASE_INFO","info_msg":"Connected to mongodb successfully..."}
{"level":"INFO","timestamp":"2026-02-27T19:32:21.802+0300","caller":"api/main.go:92","message":"INTERNAL_INFO","info_msg":"Starting the go server","server_address":"localhost:8443"}
{"level":"INFO","timestamp":"2026-02-27T19:32:21.802+0300","caller":"server/server.go:74","message":"INTERNAL_INFO","info_msg":"Using an existing TLS certificate..."}
{"level":"INFO","timestamp":"2026-02-27T19:39:21.607+0300","caller":"api/main.go:40","message":"Logger initialized successfully","level":"debug","log_file":"logs/app.log","development":true}
{"level":"INFO","timestamp":"2026-02-27T19:39:21.614+0300","caller":"api/main.go:72","message":"DATABASE_INFO","info_msg":"Connected to mongodb successfully..."}
{"level":"INFO","timestamp":"2026-02-27T19:39:21.618+0300","caller":"api/main.go:92","message":"INTERNAL_INFO","info_msg":"Starting the go server","server_address":"localhost:8443"}
{"level":"INFO","timestamp":"2026-02-27T19:39:21.618+0300","caller":"server/server.go:74","message":"INTERNAL_INFO","info_msg":"Using an existing TLS certificate..."}
{"level":"INFO","timestamp":"2026-02-27T19:39:37.775+0300","caller":"api/main.go:40","message":"Logger initialized successfully","level":"debug","log_file":"logs/app.log","development":true}
{"level":"INFO","timestamp":"2026-02-27T19:39:37.784+0300","caller":"api/main.go:72","message":"DATABASE_INFO","info_msg":"Connected to mongodb successfully..."}
{"level":"INFO","timestamp":"2026-02-27T19:39:37.789+0300","caller":"api/main.go:92","message":"INTERNAL_INFO","info_msg":"Starting the go server","server_address":"localhost:8443"}
{"level":"INFO","timestamp":"2026-02-27T19:39:37.789+0300","caller":"server/server.go:74","message":"INTERNAL_INFO","info_msg":"Using an existing TLS certificate..."}
{"level":"INFO","timestamp":"2026-02-27T19:40:15.795+0300","caller":"api/main.go:40","message":"Logger initialized successfully","level":"debug","log_file":"logs/app.log","development":true}
{"level":"INFO","timestamp":"2026-02-27T19:40:15.803+0300","caller":"api/main.go:72","message":"DATABASE_INFO","info_msg":"Connected to mongodb successfully..."}
{"level":"INFO","timestamp":"2026-02-27T19:40:15.805+0300","caller":"api/main.go:92","message":"INTERNAL_INFO","info_msg":"Starting the go server","server_address":"localhost:8443"}
{"level":"INFO","timestamp":"2026-02-27T19:40:15.806+0300","caller":"server/server.go:74","message":"INTERNAL_INFO","info_msg":"Using an existing TLS certificate..."}
{"level":"INFO","timestamp":"2026-02-27T19:41:16.967+0300","caller":"api/main.go:40","message":"Logger initialized successfully","level":"debug","log_file":"logs/app.log","development":true}
{"level":"INFO","timestamp":"2026-02-27T19:41:16.974+0300","caller":"api/main.go:72","message":"DATABASE_INFO","info_msg":"Connected to mongodb successfully..."}
{"level":"INFO","timestamp":"2026-02-27T19:41:16.978+0300","caller":"api/main.go:92","message":"INTERNAL_INFO","info_msg":"Starting the go server","server_address":"localhost:8443"}
{"level":"INFO","timestamp":"2026-02-27T19:41:16.979+0300","caller":"server/server.go:74","message":"INTERNAL_INFO","info_msg":"Using an existing TLS certificate..."}
{"level":"INFO","timestamp":"2026-02-27T19:41:46.276+0300","caller":"api/main.go:40","message":"Logger initialized successfully","level":"debug","log_file":"logs/app.log","development":true}
{"level":"INFO","timestamp":"2026-02-27T19:41:46.283+0300","caller":"api/main.go:72","message":"DATABASE_INFO","info_msg":"Connected to mongodb successfully..."}
{"level":"INFO","timestamp":"2026-02-27T19:41:46.285+0300","caller":"api/main.go:92","message":"INTERNAL_INFO","info_msg":"Starting the go server","server_address":"localhost:8443"}
{"level":"INFO","timestamp":"2026-02-27T19:41:46.285+0300","caller":"server/server.go:74","message":"INTERNAL_INFO","info_msg":"Using an existing TLS certificate..."}
{"level":"INFO","timestamp":"2026-02-27T19:41:49.262+0300","caller":"api/main.go:40","message":"Logger initialized successfully","level":"debug","log_file":"logs/app.log","development":true}
{"level":"INFO","timestamp":"2026-02-27T19:41:49.270+0300","caller":"api/main.go:72","message":"DATABASE_INFO","info_msg":"Connected to mongodb successfully..."}
{"level":"INFO","timestamp":"2026-02-27T19:41:49.275+0300","caller":"api/main.go:92","message":"INTERNAL_INFO","info_msg":"Starting the go server","server_address":"localhost:8443"}
{"level":"INFO","timestamp":"2026-02-27T19:41:49.275+0300","caller":"server/server.go:74","message":"INTERNAL_INFO","info_msg":"Using an existing TLS certificate..."}
{"level":"INFO","timestamp":"2026-02-27T21:21:58.214+0300","caller":"api/main.go:40","message":"Logger initialized successfully","level":"debug","log_file":"logs/app.log","development":true}
{"level":"INFO","timestamp":"2026-02-27T21:21:58.230+0300","caller":"api/main.go:72","message":"DATABASE_INFO","info_msg":"Connected to mongodb successfully..."}
{"level":"INFO","timestamp":"2026-02-27T21:21:58.234+0300","caller":"api/main.go:92","message":"INTERNAL_INFO","info_msg":"Starting the go server","server_address":"localhost:8443"}
{"level":"INFO","timestamp":"2026-02-27T21:21:58.234+0300","caller":"server/server.go:74","message":"INTERNAL_INFO","info_msg":"Using an existing TLS certificate..."}
{"level":"INFO","timestamp":"2026-02-27T21:29:54.203+0300","caller":"api/main.go:42","message":"Logger initialized successfully","level":"debug","log_file":"logs/app.log","development":true}
{"level":"INFO","timestamp":"2026-02-27T21:29:54.210+0300","caller":"api/main.go:74","message":"DATABASE_INFO","info_msg":"Connected to mongodb successfully..."}
{"level":"INFO","timestamp":"2026-02-27T21:32:33.008+0300","caller":"api/main.go:42","message":"Logger initialized successfully","level":"debug","log_file":"logs/app.log","development":true}
{"level":"INFO","timestamp":"2026-02-27T21:32:33.016+0300","caller":"api/main.go:74","message":"DATABASE_INFO","info_msg":"Connected to mongodb successfully..."}
{"level":"INFO","timestamp":"2026-02-27T21:32:33.027+0300","caller":"api/main.go:96","message":"INTERNAL_INFO","info_msg":"Starting the go server","server_address":"localhost:8443"}
{"level":"INFO","timestamp":"2026-02-27T21:32:33.027+0300","caller":"server/server.go:74","message":"INTERNAL_INFO","info_msg":"Using an existing TLS certificate..."}
{"level":"INFO","timestamp":"2026-02-27T21:33:12.938+0300","caller":"api/main.go:42","message":"Logger initialized successfully","level":"debug","log_file":"logs/app.log","development":true}
{"level":"INFO","timestamp":"2026-02-27T21:33:12.946+0300","caller":"api/main.go:74","message":"DATABASE_INFO","info_msg":"Connected to mongodb successfully..."}
{"level":"INFO","timestamp":"2026-02-27T21:33:12.950+0300","caller":"api/main.go:96","message":"INTERNAL_INFO","info_msg":"Starting the go server","server_address":"localhost:8443"}
{"level":"INFO","timestamp":"2026-02-27T21:33:12.950+0300","caller":"server/server.go:74","message":"INTERNAL_INFO","info_msg":"Using an existing TLS certificate..."}
{"level":"INFO","timestamp":"2026-02-27T21:33:45.801+0300","caller":"api/main.go:42","message":"Logger initialized successfully","level":"debug","log_file":"logs/app.log","development":true}
{"level":"INFO","timestamp":"2026-02-27T21:33:45.809+0300","caller":"api/main.go:74","message":"DATABASE_INFO","info_msg":"Connected to mongodb successfully..."}
{"level":"INFO","timestamp":"2026-02-27T21:33:45.820+0300","caller":"api/main.go:96","message":"INTERNAL_INFO","info_msg":"Starting the go server","server_address":"localhost:8443"}
{"level":"INFO","timestamp":"2026-02-27T21:33:45.820+0300","caller":"server/server.go:74","message":"INTERNAL_INFO","info_msg":"Using an existing TLS certificate..."}
{"level":"INFO","timestamp":"2026-02-27T21:37:04.942+0300","caller":"api/main.go:42","message":"Logger initialized successfully","level":"debug","log_file":"logs/app.log","development":true}
{"level":"INFO","timestamp":"2026-02-27T21:37:04.948+0300","caller":"api/main.go:74","message":"DATABASE_INFO","info_msg":"Connected to mongodb successfully..."}
{"level":"INFO","timestamp":"2026-02-27T21:37:04.951+0300","caller":"api/main.go:96","message":"INTERNAL_INFO","info_msg":"Starting the go server","server_address":"localhost:8443"}
{"level":"INFO","timestamp":"2026-02-27T21:37:04.951+0300","caller":"server/server.go:74","message":"INTERNAL_INFO","info_msg":"Using an existing TLS certificate..."}
{"level":"INFO","timestamp":"2026-02-27T21:39:55.426+0300","caller":"api/main.go:42","message":"Logger initialized successfully","level":"debug","log_file":"logs/app.log","development":true}
{"level":"INFO","timestamp":"2026-02-27T21:39:55.432+0300","caller":"api/main.go:74","message":"DATABASE_INFO","info_msg":"Connected to mongodb successfully..."}
{"level":"INFO","timestamp":"2026-02-27T21:39:55.434+0300","caller":"api/main.go:96","message":"INTERNAL_INFO","info_msg":"Starting the go server","server_address":"localhost:8443"}
{"level":"INFO","timestamp":"2026-02-27T21:39:55.435+0300","caller":"server/server.go:74","message":"INTERNAL_INFO","info_msg":"Using an existing TLS certificate..."}
{"level":"INFO","timestamp":"2026-02-27T21:40:16.161+0300","caller":"api/main.go:42","message":"Logger initialized successfully","level":"debug","log_file":"logs/app.log","development":true}
{"level":"INFO","timestamp":"2026-02-27T21:40:16.170+0300","caller":"api/main.go:74","message":"DATABASE_INFO","info_msg":"Connected to mongodb successfully..."}
{"level":"INFO","timestamp":"2026-02-27T21:40:16.173+0300","caller":"api/main.go:96","message":"INTERNAL_INFO","info_msg":"Starting the go server","server_address":"localhost:8443"}
{"level":"INFO","timestamp":"2026-02-27T21:40:16.173+0300","caller":"server/server.go:74","message":"INTERNAL_INFO","info_msg":"Using an existing TLS certificate..."}
{"level":"INFO","timestamp":"2026-02-27T21:43:38.698+0300","caller":"api/main.go:42","message":"Logger initialized successfully","level":"debug","log_file":"logs/app.log","development":true}
{"level":"INFO","timestamp":"2026-02-27T21:43:38.705+0300","caller":"api/main.go:74","message":"DATABASE_INFO","info_msg":"Connected to mongodb successfully..."}
{"level":"INFO","timestamp":"2026-02-27T21:43:38.708+0300","caller":"api/main.go:96","message":"INTERNAL_INFO","info_msg":"Starting the go server","server_address":"localhost:8443"}
{"level":"INFO","timestamp":"2026-02-27T21:43:38.708+0300","caller":"server/server.go:74","message":"INTERNAL_INFO","info_msg":"Using an existing TLS certificate..."}
{"level":"INFO","timestamp":"2026-02-27T21:44:07.766+0300","caller":"api/main.go:42","message":"Logger initialized successfully","level":"debug","log_file":"logs/app.log","development":true}
{"level":"INFO","timestamp":"2026-02-27T21:44:07.773+0300","caller":"api/main.go:74","message":"DATABASE_INFO","info_msg":"Connected to mongodb successfully..."}
{"level":"INFO","timestamp":"2026-02-27T21:44:07.776+0300","caller":"api/main.go:96","message":"INTERNAL_INFO","info_msg":"Starting the go server","server_address":"localhost:8443"}
{"level":"INFO","timestamp":"2026-02-27T21:44:07.776+0300","caller":"server/server.go:74","message":"INTERNAL_INFO","info_msg":"Using an existing TLS certificate..."}
{"level":"INFO","timestamp":"2026-02-27T21:44:32.002+0300","caller":"api/main.go:42","message":"Logger initialized successfully","level":"debug","log_file":"logs/app.log","development":true}
{"level":"INFO","timestamp":"2026-02-27T21:44:32.009+0300","caller":"api/main.go:74","message":"DATABASE_INFO","info_msg":"Connected to mongodb successfully..."}
{"level":"INFO","timestamp":"2026-02-27T21:44:32.012+0300","caller":"api/main.go:96","message":"INTERNAL_INFO","info_msg":"Starting the go server","server_address":"localhost:8443"}
{"level":"INFO","timestamp":"2026-02-27T21:44:32.012+0300","caller":"server/server.go:74","message":"INTERNAL_INFO","info_msg":"Using an existing TLS certificate..."}
{"level":"INFO","timestamp":"2026-02-27T21:50:47.087+0300","caller":"api/main.go:42","message":"Logger initialized successfully","level":"debug","log_file":"logs/app.log","development":true}
{"level":"INFO","timestamp":"2026-02-27T21:50:47.093+0300","caller":"api/main.go:74","message":"DATABASE_INFO","info_msg":"Connected to mongodb successfully..."}
{"level":"INFO","timestamp":"2026-02-27T21:50:47.106+0300","caller":"api/main.go:96","message":"INTERNAL_INFO","info_msg":"Starting the go server","server_address":"localhost:8443"}
{"level":"INFO","timestamp":"2026-02-27T21:50:47.106+0300","caller":"server/server.go:74","message":"INTERNAL_INFO","info_msg":"Using an existing TLS certificate..."}
{"level":"INFO","timestamp":"2026-02-27T21:51:04.890+0300","caller":"api/main.go:42","message":"Logger initialized successfully","level":"debug","log_file":"logs/app.log","development":true}
{"level":"INFO","timestamp":"2026-02-27T21:51:04.897+0300","caller":"api/main.go:74","message":"DATABASE_INFO","info_msg":"Connected to mongodb successfully..."}
{"level":"INFO","timestamp":"2026-02-27T21:51:04.900+0300","caller":"api/main.go:96","message":"INTERNAL_INFO","info_msg":"Starting the go server","server_address":"localhost:8443"}
{"level":"INFO","timestamp":"2026-02-27T21:51:04.900+0300","caller":"server/server.go:74","message":"INTERNAL_INFO","info_msg":"Using an existing TLS certificate..."}
{"level":"INFO","timestamp":"2026-02-27T21:54:12.259+0300","caller":"api/main.go:42","message":"Logger initialized successfully","level":"debug","log_file":"logs/app.log","development":true}
{"level":"INFO","timestamp":"2026-02-27T21:54:12.266+0300","caller":"api/main.go:74","message":"DATABASE_INFO","info_msg":"Connected to mongodb successfully..."}
{"level":"INFO","timestamp":"2026-02-27T21:54:12.269+0300","caller":"api/main.go:96","message":"INTERNAL_INFO","info_msg":"Starting the go server","server_address":"localhost:8443"}
{"level":"INFO","timestamp":"2026-02-27T21:54:12.270+0300","caller":"server/server.go:74","message":"INTERNAL_INFO","info_msg":"Using an existing TLS certificate..."}
{"level":"INFO","timestamp":"2026-02-27T21:55:18.198+0300","caller":"api/main.go:42","message":"Logger initialized successfully","level":"debug","log_file":"logs/app.log","development":true}
{"level":"INFO","timestamp":"2026-02-27T21:55:18.207+0300","caller":"api/main.go:74","message":"DATABASE_INFO","info_msg":"Connected to mongodb successfully..."}
{"level":"INFO","timestamp":"2026-02-27T21:55:18.209+0300","caller":"api/main.go:96","message":"INTERNAL_INFO","info_msg":"Starting the go server","server_address":"localhost:8443"}
{"level":"INFO","timestamp":"2026-02-27T21:55:18.209+0300","caller":"server/server.go:74","message":"INTERNAL_INFO","info_msg":"Using an existing TLS certificate..."}
{"level":"INFO","timestamp":"2026-02-27T21:55:33.272+0300","caller":"api/main.go:42","message":"Logger initialized successfully","level":"debug","log_file":"logs/app.log","development":true}
{"level":"INFO","timestamp":"2026-02-27T21:55:33.287+0300","caller":"api/main.go:74","message":"DATABASE_INFO","info_msg":"Connected to mongodb successfully..."}
{"level":"INFO","timestamp":"2026-02-27T21:55:33.291+0300","caller":"api/main.go:96","message":"INTERNAL_INFO","info_msg":"Starting the go server","server_address":"localhost:8443"}
{"level":"INFO","timestamp":"2026-02-27T21:55:33.291+0300","caller":"server/server.go:74","message":"INTERNAL_INFO","info_msg":"Using an existing TLS certificate..."}
{"level":"INFO","timestamp":"2026-02-27T21:56:13.902+0300","caller":"api/main.go:42","message":"Logger initialized successfully","level":"debug","log_file":"logs/app.log","development":true}
{"level":"INFO","timestamp":"2026-02-27T21:56:13.910+0300","caller":"api/main.go:74","message":"DATABASE_INFO","info_msg":"Connected to mongodb successfully..."}
{"level":"INFO","timestamp":"2026-02-27T21:56:13.914+0300","caller":"api/main.go:96","message":"INTERNAL_INFO","info_msg":"Starting the go server","server_address":"localhost:8443"}
{"level":"INFO","timestamp":"2026-02-27T21:56:13.914+0300","caller":"server/server.go:74","message":"INTERNAL_INFO","info_msg":"Using an existing TLS certificate..."}
{"level":"INFO","timestamp":"2026-02-27T21:56:43.722+0300","caller":"api/main.go:43","message":"Logger initialized successfully","level":"debug","log_file":"logs/app.log","development":true}
{"level":"INFO","timestamp":"2026-02-27T21:56:43.729+0300","caller":"api/main.go:75","message":"DATABASE_INFO","info_msg":"Connected to mongodb successfully..."}
{"level":"INFO","timestamp":"2026-02-27T21:56:43.741+0300","caller":"api/main.go:97","message":"INTERNAL_INFO","info_msg":"Starting the go server","server_address":"localhost:8443"}
{"level":"INFO","timestamp":"2026-02-27T21:56:43.741+0300","caller":"server/server.go:74","message":"INTERNAL_INFO","info_msg":"Using an existing TLS certificate..."}
{"level":"INFO","timestamp":"2026-02-27T21:56:55.854+0300","caller":"api/main.go:43","message":"Logger initialized successfully","level":"debug","log_file":"logs/app.log","development":true}
{"level":"INFO","timestamp":"2026-02-27T21:56:55.861+0300","caller":"api/main.go:75","message":"DATABASE_INFO","info_msg":"Connected to mongodb successfully..."}
{"level":"INFO","timestamp":"2026-02-27T21:56:55.873+0300","caller":"api/main.go:97","message":"INTERNAL_INFO","info_msg":"Starting the go server","server_address":"localhost:8443"}
{"level":"INFO","timestamp":"2026-02-27T21:56:55.873+0300","caller":"server/server.go:74","message":"INTERNAL_INFO","info_msg":"Using an existing TLS certificate..."}
{"level":"INFO","timestamp":"2026-02-27T21:57:37.661+0300","caller":"api/main.go:43","message":"Logger initialized successfully","level":"debug","log_file":"logs/app.log","development":true}
{"level":"INFO","timestamp":"2026-02-27T21:57:37.668+0300","caller":"api/main.go:75","message":"DATABASE_INFO","info_msg":"Connected to mongodb successfully..."}
{"level":"INFO","timestamp":"2026-02-27T21:57:37.721+0300","caller":"api/main.go:97","message":"INTERNAL_INFO","info_msg":"Starting the go server","server_address":"localhost:8443"}
{"level":"INFO","timestamp":"2026-02-27T21:57:37.721+0300","caller":"server/server.go:74","message":"INTERNAL_INFO","info_msg":"Using an existing TLS certificate..."}
{"level":"INFO","timestamp":"2026-02-27T21:58:22.193+0300","caller":"api/main.go:43","message":"Logger initialized successfully","level":"debug","log_file":"logs/app.log","development":true}
{"level":"INFO","timestamp":"2026-02-27T21:58:22.204+0300","caller":"api/main.go:75","message":"DATABASE_INFO","info_msg":"Connected to mongodb successfully..."}
{"level":"INFO","timestamp":"2026-02-27T21:58:23.240+0300","caller":"api/main.go:99","message":"INTERNAL_INFO","info_msg":"Starting the go server","server_address":"localhost:8443"}
{"level":"INFO","timestamp":"2026-02-27T21:58:23.241+0300","caller":"server/server.go:74","message":"INTERNAL_INFO","info_msg":"Using an existing TLS certificate..."}
{"level":"INFO","timestamp":"2026-02-27T22:00:19.384+0300","caller":"api/main.go:43","message":"Logger initialized successfully","level":"debug","log_file":"logs/app.log","development":true}
{"level":"INFO","timestamp":"2026-02-27T22:00:19.393+0300","caller":"api/main.go:75","message":"DATABASE_INFO","info_msg":"Connected to mongodb successfully..."}
{"level":"INFO","timestamp":"2026-02-27T22:00:20.437+0300","caller":"api/main.go:99","message":"INTERNAL_INFO","info_msg":"Starting the go server","server_address":"localhost:8443"}
{"level":"INFO","timestamp":"2026-02-27T22:00:20.437+0300","caller":"server/server.go:74","message":"INTERNAL_INFO","info_msg":"Using an existing TLS certificate..."}
{"level":"INFO","timestamp":"2026-02-27T22:03:52.227+0300","caller":"api/main.go:43","message":"Logger initialized successfully","level":"debug","log_file":"logs/app.log","development":true}
{"level":"INFO","timestamp":"2026-02-27T22:03:52.234+0300","caller":"api/main.go:75","message":"DATABASE_INFO","info_msg":"Connected to mongodb successfully..."}
{"level":"INFO","timestamp":"2026-02-27T22:03:53.274+0300","caller":"api/main.go:99","message":"INTERNAL_INFO","info_msg":"Starting the go server","server_address":"localhost:8443"}
{"level":"INFO","timestamp":"2026-02-27T22:03:53.274+0300","caller":"server/server.go:74","message":"INTERNAL_INFO","info_msg":"Using an existing TLS certificate..."}
{"level":"INFO","timestamp":"2026-02-27T22:23:04.909+0300","caller":"api/main.go:43","message":"Logger initialized successfully","level":"debug","log_file":"logs/app.log","development":true}
{"level":"INFO","timestamp":"2026-02-27T22:23:04.917+0300","caller":"api/main.go:75","message":"DATABASE_INFO","info_msg":"Connected to mongodb successfully..."}
{"level":"INFO","timestamp":"2026-02-27T22:23:05.954+0300","caller":"api/main.go:99","message":"INTERNAL_INFO","info_msg":"Starting the go server","server_address":"localhost:8443"}
{"level":"INFO","timestamp":"2026-02-27T22:23:05.954+0300","caller":"server/server.go:74","message":"INTERNAL_INFO","info_msg":"Using an existing TLS certificate..."}
{"level":"INFO","timestamp":"2026-02-27T22:23:27.901+0300","caller":"api/main.go:43","message":"Logger initialized successfully","level":"debug","log_file":"logs/app.log","development":true}
{"level":"INFO","timestamp":"2026-02-27T22:23:27.912+0300","caller":"api/main.go:75","message":"DATABASE_INFO","info_msg":"Connected to mongodb successfully..."}
{"level":"INFO","timestamp":"2026-02-27T22:23:28.949+0300","caller":"api/main.go:99","message":"INTERNAL_INFO","info_msg":"Starting the go server","server_address":"localhost:8443"}
{"level":"INFO","timestamp":"2026-02-27T22:23:28.949+0300","caller":"server/server.go:74","message":"INTERNAL_INFO","info_msg":"Using an existing TLS certificate..."}
{"level":"INFO","timestamp":"2026-02-27T22:23:47.006+0300","caller":"api/main.go:43","message":"Logger initialized successfully","level":"debug","log_file":"logs/app.log","development":true}
{"level":"INFO","timestamp":"2026-02-27T22:23:47.013+0300","caller":"api/main.go:75","message":"DATABASE_INFO","info_msg":"Connected to mongodb successfully..."}
{"level":"INFO","timestamp":"2026-02-27T22:23:48.054+0300","caller":"api/main.go:99","message":"INTERNAL_INFO","info_msg":"Starting the go server","server_address":"localhost:8443"}
{"level":"INFO","timestamp":"2026-02-27T22:23:48.054+0300","caller":"server/server.go:74","message":"INTERNAL_INFO","info_msg":"Using an existing TLS certificate..."}
{"level":"INFO","timestamp":"2026-02-27T22:25:41.696+0300","caller":"api/main.go:43","message":"Logger initialized successfully","level":"debug","log_file":"logs/app.log","development":true}
{"level":"INFO","timestamp":"2026-02-27T22:25:41.707+0300","caller":"api/main.go:75","message":"DATABASE_INFO","info_msg":"Connected to mongodb successfully..."}
{"level":"INFO","timestamp":"2026-02-27T22:25:42.738+0300","caller":"api/main.go:99","message":"INTERNAL_INFO","info_msg":"Starting the go server","server_address":"localhost:8443"}
{"level":"INFO","timestamp":"2026-02-27T22:25:42.738+0300","caller":"server/server.go:74","message":"INTERNAL_INFO","info_msg":"Using an existing TLS certificate..."}
{"level":"INFO","timestamp":"2026-02-27T22:26:04.696+0300","caller":"api/main.go:43","message":"Logger initialized successfully","level":"debug","log_file":"logs/app.log","development":true}
{"level":"INFO","timestamp":"2026-02-27T22:26:04.704+0300","caller":"api/main.go:75","message":"DATABASE_INFO","info_msg":"Connected to mongodb successfully..."}
{"level":"INFO","timestamp":"2026-02-27T22:26:05.745+0300","caller":"api/main.go:99","message":"INTERNAL_INFO","info_msg":"Starting the go server","server_address":"localhost:8443"}
{"level":"INFO","timestamp":"2026-02-27T22:26:05.745+0300","caller":"server/server.go:74","message":"INTERNAL_INFO","info_msg":"Using an existing TLS certificate..."}
{"level":"INFO","timestamp":"2026-02-27T22:27:11.872+0300","caller":"api/main.go:41","message":"Logger initialized successfully","level":"debug","log_file":"logs/app.log","development":true}
{"level":"INFO","timestamp":"2026-02-27T22:27:11.880+0300","caller":"api/main.go:73","message":"DATABASE_INFO","info_msg":"Connected to mongodb successfully..."}
{"level":"INFO","timestamp":"2026-02-27T22:27:11.883+0300","caller":"api/main.go:95","message":"INTERNAL_INFO","info_msg":"Starting the go server","server_address":"localhost:8443"}
{"level":"INFO","timestamp":"2026-02-27T22:27:11.883+0300","caller":"server/server.go:74","message":"INTERNAL_INFO","info_msg":"Using an existing TLS certificate..."}
{"level":"INFO","timestamp":"2026-02-27T22:33:02.953+0300","caller":"api/main.go:41","message":"Logger initialized successfully","level":"debug","log_file":"logs/app.log","development":true}
{"level":"INFO","timestamp":"2026-02-27T22:33:02.960+0300","caller":"api/main.go:73","message":"DATABASE_INFO","info_msg":"Connected to mongodb successfully..."}
{"level":"INFO","timestamp":"2026-02-27T22:33:02.963+0300","caller":"api/main.go:95","message":"INTERNAL_INFO","info_msg":"Starting the go server","server_address":"localhost:8443"}
{"level":"INFO","timestamp":"2026-02-27T22:33:02.963+0300","caller":"server/server.go:74","message":"INTERNAL_INFO","info_msg":"Using an existing TLS certificate..."}
{"level":"INFO","timestamp":"2026-02-27T22:40:12.508+0300","caller":"api/main.go:41","message":"Logger initialized successfully","level":"debug","log_file":"logs/app.log","development":true}
{"level":"INFO","timestamp":"2026-02-27T22:40:12.524+0300","caller":"api/main.go:73","message":"DATABASE_INFO","info_msg":"Connected to mongodb successfully..."}
{"level":"INFO","timestamp":"2026-02-27T22:40:12.527+0300","caller":"api/main.go:95","message":"INTERNAL_INFO","info_msg":"Starting the go server","server_address":"localhost:8443"}
{"level":"INFO","timestamp":"2026-02-27T22:40:12.527+0300","caller":"server/server.go:74","message":"INTERNAL_INFO","info_msg":"Using an existing TLS certificate..."}
{"level":"INFO","timestamp":"2026-02-27T22:41:02.137+0300","caller":"api/main.go:41","message":"Logger initialized successfully","level":"debug","log_file":"logs/app.log","development":true}
{"level":"INFO","timestamp":"2026-02-27T22:41:02.145+0300","caller":"api/main.go:73","message":"DATABASE_INFO","info_msg":"Connected to mongodb successfully..."}
{"level":"INFO","timestamp":"2026-02-27T22:41:02.148+0300","caller":"api/main.go:95","message":"INTERNAL_INFO","info_msg":"Starting the go server","server_address":"localhost:8443"}
{"level":"INFO","timestamp":"2026-02-27T22:41:02.148+0300","caller":"server/server.go:74","message":"INTERNAL_INFO","info_msg":"Using an existing TLS certificate..."}
{"level":"INFO","timestamp":"2026-02-27T22:41:15.631+0300","caller":"api/main.go:41","message":"Logger initialized successfully","level":"debug","log_file":"logs/app.log","development":true}
{"level":"INFO","timestamp":"2026-02-27T22:41:15.638+0300","caller":"api/main.go:73","message":"DATABASE_INFO","info_msg":"Connected to mongodb successfully..."}
{"level":"INFO","timestamp":"2026-02-27T22:41:15.642+0300","caller":"api/main.go:95","message":"INTERNAL_INFO","info_msg":"Starting the go server","server_address":"localhost:8443"}
{"level":"INFO","timestamp":"2026-02-27T22:41:15.642+0300","caller":"server/server.go:74","message":"INTERNAL_INFO","info_msg":"Using an existing TLS certificate..."}
{"level":"INFO","timestamp":"2026-02-27T22:43:53.242+0300","caller":"api/main.go:41","message":"Logger initialized successfully","level":"debug","log_file":"logs/app.log","development":true}
{"level":"INFO","timestamp":"2026-02-27T22:43:53.250+0300","caller":"api/main.go:73","message":"DATABASE_INFO","info_msg":"Connected to mongodb successfully..."}
{"level":"INFO","timestamp":"2026-02-27T22:43:53.252+0300","caller":"api/main.go:95","message":"INTERNAL_INFO","info_msg":"Starting the go server","server_address":"localhost:8443"}
{"level":"INFO","timestamp":"2026-02-27T22:43:53.252+0300","caller":"server/server.go:74","message":"INTERNAL_INFO","info_msg":"Using an existing TLS certificate..."}
{"level":"INFO","timestamp":"2026-02-27T22:43:57.709+0300","caller":"api/main.go:41","message":"Logger initialized successfully","level":"debug","log_file":"logs/app.log","development":true}
{"level":"INFO","timestamp":"2026-02-27T22:43:57.716+0300","caller":"api/main.go:73","message":"DATABASE_INFO","info_msg":"Connected to mongodb successfully..."}
{"level":"INFO","timestamp":"2026-02-27T22:43:57.721+0300","caller":"api/main.go:95","message":"INTERNAL_INFO","info_msg":"Starting the go server","server_address":"localhost:8443"}
{"level":"INFO","timestamp":"2026-02-27T22:43:57.721+0300","caller":"server/server.go:74","message":"INTERNAL_INFO","info_msg":"Using an existing TLS certificate..."}
{"level":"INFO","timestamp":"2026-02-27T22:44:15.464+0300","caller":"api/main.go:41","message":"Logger initialized successfully","level":"debug","log_file":"logs/app.log","development":true}
{"level":"INFO","timestamp":"2026-02-27T22:44:15.475+0300","caller":"api/main.go:73","message":"DATABASE_INFO","info_msg":"Connected to mongodb successfully..."}
{"level":"INFO","timestamp":"2026-02-27T22:44:15.478+0300","caller":"api/main.go:95","message":"INTERNAL_INFO","info_msg":"Starting the go server","server_address":"localhost:8443"}
{"level":"INFO","timestamp":"2026-02-27T22:44:15.478+0300","caller":"server/server.go:74","message":"INTERNAL_INFO","info_msg":"Using an existing TLS certificate..."}
{"level":"INFO","timestamp":"2026-02-27T22:44:33.307+0300","caller":"api/main.go:41","message":"Logger initialized successfully","level":"debug","log_file":"logs/app.log","development":true}
{"level":"INFO","timestamp":"2026-02-27T22:44:33.316+0300","caller":"api/main.go:73","message":"DATABASE_INFO","info_msg":"Connected to mongodb successfully..."}
{"level":"INFO","timestamp":"2026-02-27T22:44:33.318+0300","caller":"api/main.go:95","message":"INTERNAL_INFO","info_msg":"Starting the go server","server_address":"localhost:8443"}
{"level":"INFO","timestamp":"2026-02-27T22:44:33.318+0300","caller":"server/server.go:74","message":"INTERNAL_INFO","info_msg":"Using an existing TLS certificate..."}
{"level":"INFO","timestamp":"2026-02-27T22:45:04.019+0300","caller":"api/main.go:41","message":"Logger initialized successfully","level":"debug","log_file":"logs/app.log","development":true}
{"level":"INFO","timestamp":"2026-02-27T22:45:04.026+0300","caller":"api/main.go:73","message":"DATABASE_INFO","info_msg":"Connected to mongodb successfully..."}
{"level":"INFO","timestamp":"2026-02-27T22:45:04.030+0300","caller":"api/main.go:95","message":"INTERNAL_INFO","info_msg":"Starting the go server","server_address":"localhost:8443"}
{"level":"INFO","timestamp":"2026-02-27T22:45:04.030+0300","caller":"server/server.go:74","message":"INTERNAL_INFO","info_msg":"Using an existing TLS certificate..."}
{"level":"INFO","timestamp":"2026-02-27T22:45:59.961+0300","caller":"api/main.go:41","message":"Logger initialized successfully","level":"debug","log_file":"logs/app.log","development":true}
{"level":"INFO","timestamp":"2026-02-27T22:45:59.969+0300","caller":"api/main.go:73","message":"DATABASE_INFO","info_msg":"Connected to mongodb successfully..."}
{"level":"INFO","timestamp":"2026-02-27T22:45:59.972+0300","caller":"api/main.go:95","message":"INTERNAL_INFO","info_msg":"Starting the go server","server_address":"localhost:8443"}
{"level":"INFO","timestamp":"2026-02-27T22:45:59.972+0300","caller":"server/server.go:74","message":"INTERNAL_INFO","info_msg":"Using an existing TLS certificate..."}
{"level":"INFO","timestamp":"2026-02-27T22:46:16.232+0300","caller":"api/main.go:41","message":"Logger initialized successfully","level":"debug","log_file":"logs/app.log","development":true}
{"level":"INFO","timestamp":"2026-02-27T22:46:16.241+0300","caller":"api/main.go:73","message":"DATABASE_INFO","info_msg":"Connected to mongodb successfully..."}
{"level":"INFO","timestamp":"2026-02-27T22:46:16.244+0300","caller":"api/main.go:95","message":"INTERNAL_INFO","info_msg":"Starting the go server","server_address":"localhost:8443"}
{"level":"INFO","timestamp":"2026-02-27T22:46:16.244+0300","caller":"server/server.go:74","message":"INTERNAL_INFO","info_msg":"Using an existing TLS certificate..."}
{"level":"INFO","timestamp":"2026-02-27T22:46:39.401+0300","caller":"api/main.go:41","message":"Logger initialized successfully","level":"debug","log_file":"logs/app.log","development":true}
{"level":"INFO","timestamp":"2026-02-27T22:46:39.407+0300","caller":"api/main.go:73","message":"DATABASE_INFO","info_msg":"Connected to mongodb successfully..."}
{"level":"INFO","timestamp":"2026-02-27T22:46:39.411+0300","caller":"api/main.go:95","message":"INTERNAL_INFO","info_msg":"Starting the go server","server_address":"localhost:8443"}
{"level":"INFO","timestamp":"2026-02-27T22:46:39.411+0300","caller":"server/server.go:74","message":"INTERNAL_INFO","info_msg":"Using an existing TLS certificate..."}
{"level":"INFO","timestamp":"2026-02-27T22:46:52.167+0300","caller":"api/main.go:41","message":"Logger initialized successfully","level":"debug","log_file":"logs/app.log","development":true}
{"level":"INFO","timestamp":"2026-02-27T22:46:52.174+0300","caller":"api/main.go:73","message":"DATABASE_INFO","info_msg":"Connected to mongodb successfully..."}
{"level":"INFO","timestamp":"2026-02-27T22:46:52.177+0300","caller":"api/main.go:95","message":"INTERNAL_INFO","info_msg":"Starting the go server","server_address":"localhost:8443"}
{"level":"INFO","timestamp":"2026-02-27T22:46:52.177+0300","caller":"server/server.go:74","message":"INTERNAL_INFO","info_msg":"Using an existing TLS certificate..."}
{"level":"INFO","timestamp":"2026-02-27T22:46:57.033+0300","caller":"api/main.go:41","message":"Logger initialized successfully","level":"debug","log_file":"logs/app.log","development":true}
{"level":"INFO","timestamp":"2026-02-27T22:46:57.039+0300","caller":"api/main.go:73","message":"DATABASE_INFO","info_msg":"Connected to mongodb successfully..."}
{"level":"INFO","timestamp":"2026-02-27T22:46:57.043+0300","caller":"api/main.go:95","message":"INTERNAL_INFO","info_msg":"Starting the go server","server_address":"localhost:8443"}
{"level":"INFO","timestamp":"2026-02-27T22:46:57.044+0300","caller":"server/server.go:74","message":"INTERNAL_INFO","info_msg":"Using an existing TLS certificate..."}
{"level":"INFO","timestamp":"2026-02-27T22:47:07.786+0300","caller":"api/main.go:41","message":"Logger initialized successfully","level":"debug","log_file":"logs/app.log","development":true}
{"level":"INFO","timestamp":"2026-02-27T22:47:07.793+0300","caller":"api/main.go:73","message":"DATABASE_INFO","info_msg":"Connected to mongodb successfully..."}
{"level":"INFO","timestamp":"2026-02-27T22:47:07.796+0300","caller":"api/main.go:95","message":"INTERNAL_INFO","info_msg":"Starting the go server","server_address":"localhost:8443"}
{"level":"INFO","timestamp":"2026-02-27T22:47:07.797+0300","caller":"server/server.go:74","message":"INTERNAL_INFO","info_msg":"Using an existing TLS certificate..."}
{"level":"INFO","timestamp":"2026-02-27T22:47:29.576+0300","caller":"api/main.go:41","message":"Logger initialized successfully","level":"debug","log_file":"logs/app.log","development":true}
{"level":"INFO","timestamp":"2026-02-27T22:47:29.586+0300","caller":"api/main.go:73","message":"DATABASE_INFO","info_msg":"Connected to mongodb successfully..."}
{"level":"INFO","timestamp":"2026-02-27T22:47:29.590+0300","caller":"api/main.go:95","message":"INTERNAL_INFO","info_msg":"Starting the go server","server_address":"localhost:8443"}
{"level":"INFO","timestamp":"2026-02-27T22:47:29.590+0300","caller":"server/server.go:74","message":"INTERNAL_INFO","info_msg":"Using an existing TLS certificate..."}
{"level":"INFO","timestamp":"2026-02-27T22:47:49.821+0300","caller":"api/main.go:41","message":"Logger initialized successfully","level":"debug","log_file":"logs/app.log","development":true}
{"level":"INFO","timestamp":"2026-02-27T22:47:49.829+0300","caller":"api/main.go:73","message":"DATABASE_INFO","info_msg":"Connected to mongodb successfully..."}
{"level":"INFO","timestamp":"2026-02-27T22:47:49.832+0300","caller":"api/main.go:95","message":"INTERNAL_INFO","info_msg":"Starting the go server","server_address":"localhost:8443"}
{"level":"INFO","timestamp":"2026-02-27T22:47:49.832+0300","caller":"server/server.go:74","message":"INTERNAL_INFO","info_msg":"Using an existing TLS certificate..."}
{"level":"INFO","timestamp":"2026-02-27T22:49:22.251+0300","caller":"api/main.go:41","message":"Logger initialized successfully","level":"debug","log_file":"logs/app.log","development":true}
{"level":"INFO","timestamp":"2026-02-27T22:49:22.258+0300","caller":"api/main.go:73","message":"DATABASE_INFO","info_msg":"Connected to mongodb successfully..."}
{"level":"INFO","timestamp":"2026-02-27T22:49:22.261+0300","caller":"api/main.go:95","message":"INTERNAL_INFO","info_msg":"Starting the go server","server_address":"localhost:8443"}
{"level":"INFO","timestamp":"2026-02-27T22:49:22.261+0300","caller":"server/server.go:74","message":"INTERNAL_INFO","info_msg":"Using an existing TLS certificate..."}
{"level":"INFO","timestamp":"2026-02-27T22:49:31.516+0300","caller":"api/main.go:41","message":"Logger initialized successfully","level":"debug","log_file":"logs/app.log","development":true}
{"level":"INFO","timestamp":"2026-02-27T22:49:31.525+0300","caller":"api/main.go:73","message":"DATABASE_INFO","info_msg":"Connected to mongodb successfully..."}
{"level":"INFO","timestamp":"2026-02-27T22:49:31.528+0300","caller":"api/main.go:95","message":"INTERNAL_INFO","info_msg":"Starting the go server","server_address":"localhost:8443"}
{"level":"INFO","timestamp":"2026-02-27T22:49:31.529+0300","caller":"server/server.go:74","message":"INTERNAL_INFO","info_msg":"Using an existing TLS certificate..."}
{"level":"INFO","timestamp":"2026-02-27T22:50:07.219+0300","caller":"api/main.go:41","message":"Logger initialized successfully","level":"debug","log_file":"logs/app.log","development":true}
{"level":"INFO","timestamp":"2026-02-27T22:50:07.226+0300","caller":"api/main.go:73","message":"DATABASE_INFO","info_msg":"Connected to mongodb successfully..."}
{"level":"INFO","timestamp":"2026-02-27T22:50:07.229+0300","caller":"api/main.go:95","message":"INTERNAL_INFO","info_msg":"Starting the go server","server_address":"localhost:8443"}
{"level":"INFO","timestamp":"2026-02-27T22:50:07.230+0300","caller":"server/server.go:74","message":"INTERNAL_INFO","info_msg":"Using an existing TLS certificate..."}
{"level":"INFO","timestamp":"2026-02-27T22:51:06.178+0300","caller":"api/main.go:41","message":"Logger initialized successfully","level":"debug","log_file":"logs/app.log","development":true}
{"level":"INFO","timestamp":"2026-02-27T22:51:06.186+0300","caller":"api/main.go:73","message":"DATABASE_INFO","info_msg":"Connected to mongodb successfully..."}
{"level":"INFO","timestamp":"2026-02-27T22:51:06.190+0300","caller":"api/main.go:95","message":"INTERNAL_INFO","info_msg":"Starting the go server","server_address":"localhost:8443"}
{"level":"INFO","timestamp":"2026-02-27T22:51:06.190+0300","caller":"server/server.go:74","message":"INTERNAL_INFO","info_msg":"Using an existing TLS certificate..."}
{"level":"INFO","timestamp":"2026-02-27T22:51:19.322+0300","caller":"api/main.go:41","message":"Logger initialized successfully","level":"debug","log_file":"logs/app.log","development":true}
{"level":"INFO","timestamp":"2026-02-27T22:51:19.329+0300","caller":"api/main.go:73","message":"DATABASE_INFO","info_msg":"Connected to mongodb successfully..."}
{"level":"INFO","timestamp":"2026-02-27T22:51:19.332+0300","caller":"api/main.go:95","message":"INTERNAL_INFO","info_msg":"Starting the go server","server_address":"localhost:8443"}
{"level":"INFO","timestamp":"2026-02-27T22:51:19.332+0300","caller":"server/server.go:74","message":"INTERNAL_INFO","info_msg":"Using an existing TLS certificate..."}
{"level":"INFO","timestamp":"2026-02-27T22:51:30.639+0300","caller":"api/main.go:41","message":"Logger initialized successfully","level":"debug","log_file":"logs/app.log","development":true}
{"level":"INFO","timestamp":"2026-02-27T22:51:30.648+0300","caller":"api/main.go:73","message":"DATABASE_INFO","info_msg":"Connected to mongodb successfully..."}
{"level":"INFO","timestamp":"2026-02-27T22:51:30.651+0300","caller":"api/main.go:95","message":"INTERNAL_INFO","info_msg":"Starting the go server","server_address":"localhost:8443"}
{"level":"INFO","timestamp":"2026-02-27T22:51:30.651+0300","caller":"server/server.go:74","message":"INTERNAL_INFO","info_msg":"Using an existing TLS certificate..."}
{"level":"INFO","timestamp":"2026-02-27T22:52:09.204+0300","caller":"api/main.go:41","message":"Logger initialized successfully","level":"debug","log_file":"logs/app.log","development":true}
{"level":"INFO","timestamp":"2026-02-27T22:52:09.209+0300","caller":"api/main.go:73","message":"DATABASE_INFO","info_msg":"Connected to mongodb successfully..."}
{"level":"INFO","timestamp":"2026-02-27T22:52:09.214+0300","caller":"api/main.go:95","message":"INTERNAL_INFO","info_msg":"Starting the go server","server_address":"localhost:8443"}
{"level":"INFO","timestamp":"2026-02-27T22:52:09.214+0300","caller":"server/server.go:74","message":"INTERNAL_INFO","info_msg":"Using an existing TLS certificate..."}
{"level":"INFO","timestamp":"2026-02-27T22:53:56.177+0300","caller":"api/main.go:41","message":"Logger initialized successfully","level":"debug","log_file":"logs/app.log","development":true}
{"level":"INFO","timestamp":"2026-02-27T22:53:56.184+0300","caller":"api/main.go:73","message":"DATABASE_INFO","info_msg":"Connected to mongodb successfully..."}
{"level":"INFO","timestamp":"2026-02-27T22:53:56.187+0300","caller":"api/main.go:95","message":"INTERNAL_INFO","info_msg":"Starting the go server","server_address":"localhost:8443"}
{"level":"INFO","timestamp":"2026-02-27T22:53:56.187+0300","caller":"server/server.go:74","message":"INTERNAL_INFO","info_msg":"Using an existing TLS certificate..."}
{"level":"INFO","timestamp":"2026-02-27T22:54:48.010+0300","caller":"api/main.go:41","message":"Logger initialized successfully","level":"debug","log_file":"logs/app.log","development":true}
{"level":"INFO","timestamp":"2026-02-27T22:54:48.017+0300","caller":"api/main.go:73","message":"DATABASE_INFO","info_msg":"Connected to mongodb successfully..."}
{"level":"INFO","timestamp":"2026-02-27T22:54:48.020+0300","caller":"api/main.go:95","message":"INTERNAL_INFO","info_msg":"Starting the go server","server_address":"localhost:8443"}
{"level":"INFO","timestamp":"2026-02-27T22:54:48.020+0300","caller":"server/server.go:74","message":"INTERNAL_INFO","info_msg":"Using an existing TLS certificate..."}
{"level":"INFO","timestamp":"2026-02-27T22:55:07.854+0300","caller":"api/main.go:41","message":"Logger initialized successfully","level":"debug","log_file":"logs/app.log","development":true}
{"level":"INFO","timestamp":"2026-02-27T22:55:07.861+0300","caller":"api/main.go:73","message":"DATABASE_INFO","info_msg":"Connected to mongodb successfully..."}
{"level":"INFO","timestamp":"2026-02-27T22:55:07.864+0300","caller":"api/main.go:95","message":"INTERNAL_INFO","info_msg":"Starting the go server","server_address":"localhost:8443"}
{"level":"INFO","timestamp":"2026-02-27T22:55:07.864+0300","caller":"server/server.go:74","message":"INTERNAL_INFO","info_msg":"Using an existing TLS certificate..."}
{"level":"INFO","timestamp":"2026-02-27T22:56:38.386+0300","caller":"api/main.go:41","message":"Logger initialized successfully","level":"debug","log_file":"logs/app.log","development":true}
{"level":"INFO","timestamp":"2026-02-27T22:56:38.394+0300","caller":"api/main.go:73","message":"DATABASE_INFO","info_msg":"Connected to mongodb successfully..."}
{"level":"INFO","timestamp":"2026-02-27T22:56:38.396+0300","caller":"api/main.go:95","message":"INTERNAL_INFO","info_msg":"Starting the go server","server_address":"localhost:8443"}
{"level":"INFO","timestamp":"2026-02-27T22:56:38.396+0300","caller":"server/server.go:74","message":"INTERNAL_INFO","info_msg":"Using an existing TLS certificate..."}
{"level":"INFO","timestamp":"2026-02-27T22:56:45.732+0300","caller":"api/main.go:41","message":"Logger initialized successfully","level":"debug","log_file":"logs/app.log","development":true}
{"level":"INFO","timestamp":"2026-02-27T22:56:45.739+0300","caller":"api/main.go:73","message":"DATABASE_INFO","info_msg":"Connected to mongodb successfully..."}
{"level":"INFO","timestamp":"2026-02-27T22:56:45.742+0300","caller":"api/main.go:95","message":"INTERNAL_INFO","info_msg":"Starting the go server","server_address":"localhost:8443"}
{"level":"INFO","timestamp":"2026-02-27T22:56:45.742+0300","caller":"server/server.go:74","message":"INTERNAL_INFO","info_msg":"Using an existing TLS certificate..."}
{"level":"INFO","timestamp":"2026-02-27T22:57:07.828+0300","caller":"api/main.go:41","message":"Logger initialized successfully","level":"debug","log_file":"logs/app.log","development":true}
{"level":"INFO","timestamp":"2026-02-27T22:57:07.835+0300","caller":"api/main.go:73","message":"DATABASE_INFO","info_msg":"Connected to mongodb successfully..."}
{"level":"INFO","timestamp":"2026-02-27T22:57:07.840+0300","caller":"api/main.go:95","message":"INTERNAL_INFO","info_msg":"Starting the go server","server_address":"localhost:8443"}
{"level":"INFO","timestamp":"2026-02-27T22:57:07.840+0300","caller":"server/server.go:74","message":"INTERNAL_INFO","info_msg":"Using an existing TLS certificate..."}
{"level":"INFO","timestamp":"2026-02-27T22:58:41.369+0300","caller":"api/main.go:41","message":"Logger initialized successfully","level":"debug","log_file":"logs/app.log","development":true}
{"level":"INFO","timestamp":"2026-02-27T22:58:41.378+0300","caller":"api/main.go:73","message":"DATABASE_INFO","info_msg":"Connected to mongodb successfully..."}
{"level":"INFO","timestamp":"2026-02-27T22:58:41.383+0300","caller":"api/main.go:95","message":"INTERNAL_INFO","info_msg":"Starting the go server","server_address":"localhost:8443"}
{"level":"INFO","timestamp":"2026-02-27T22:58:41.383+0300","caller":"server/server.go:74","message":"INTERNAL_INFO","info_msg":"Using an existing TLS certificate..."}
{"level":"INFO","timestamp":"2026-02-27T22:59:54.420+0300","caller":"api/main.go:41","message":"Logger initialized successfully","level":"debug","log_file":"logs/app.log","development":true}
{"level":"INFO","timestamp":"2026-02-27T22:59:54.427+0300","caller":"api/main.go:73","message":"DATABASE_INFO","info_msg":"Connected to mongodb successfully..."}
{"level":"INFO","timestamp":"2026-02-27T22:59:54.431+0300","caller":"api/main.go:95","message":"INTERNAL_INFO","info_msg":"Starting the go server","server_address":"localhost:8443"}
{"level":"INFO","timestamp":"2026-02-27T22:59:54.431+0300","caller":"server/server.go:74","message":"INTERNAL_INFO","info_msg":"Using an existing TLS certificate..."}
{"level":"INFO","timestamp":"2026-02-27T23:01:47.410+0300","caller":"api/main.go:41","message":"Logger initialized successfully","level":"debug","log_file":"logs/app.log","development":true}
{"level":"INFO","timestamp":"2026-02-27T23:01:47.418+0300","caller":"api/main.go:73","message":"DATABASE_INFO","info_msg":"Connected to mongodb successfully..."}
{"level":"INFO","timestamp":"2026-02-27T23:01:47.421+0300","caller":"api/main.go:95","message":"INTERNAL_INFO","info_msg":"Starting the go server","server_address":"localhost:8443"}
{"level":"INFO","timestamp":"2026-02-27T23:01:47.422+0300","caller":"server/server.go:74","message":"INTERNAL_INFO","info_msg":"Using an existing TLS certificate..."}
{"level":"INFO","timestamp":"2026-02-27T23:02:35.240+0300","caller":"api/main.go:41","message":"Logger initialized successfully","level":"debug","log_file":"logs/app.log","development":true}
{"level":"INFO","timestamp":"2026-02-27T23:02:35.248+0300","caller":"api/main.go:73","message":"DATABASE_INFO","info_msg":"Connected to mongodb successfully..."}
{"level":"INFO","timestamp":"2026-02-27T23:02:35.251+0300","caller":"api/main.go:95","message":"INTERNAL_INFO","info_msg":"Starting the go server","server_address":"localhost:8443"}
{"level":"INFO","timestamp":"2026-02-27T23:02:35.251+0300","caller":"server/server.go:74","message":"INTERNAL_INFO","info_msg":"Using an existing TLS certificate..."}
{"level":"INFO","timestamp":"2026-02-27T23:04:03.173+0300","caller":"api/main.go:41","message":"Logger initialized successfully","level":"debug","log_file":"logs/app.log","development":true}
{"level":"INFO","timestamp":"2026-02-27T23:04:03.181+0300","caller":"api/main.go:73","message":"DATABASE_INFO","info_msg":"Connected to mongodb successfully..."}
{"level":"INFO","timestamp":"2026-02-27T23:04:03.183+0300","caller":"api/main.go:95","message":"INTERNAL_INFO","info_msg":"Starting the go server","server_address":"localhost:8443"}
{"level":"INFO","timestamp":"2026-02-27T23:04:03.183+0300","caller":"server/server.go:74","message":"INTERNAL_INFO","info_msg":"Using an existing TLS certificate..."}
{"level":"INFO","timestamp":"2026-02-27T23:05:25.744+0300","caller":"api/main.go:41","message":"Logger initialized successfully","level":"debug","log_file":"logs/app.log","development":true}
{"level":"INFO","timestamp":"2026-02-27T23:05:25.753+0300","caller":"api/main.go:73","message":"DATABASE_INFO","info_msg":"Connected to mongodb successfully..."}
{"level":"INFO","timestamp":"2026-02-27T23:05:25.756+0300","caller":"api/main.go:95","message":"INTERNAL_INFO","info_msg":"Starting the go server","server_address":"localhost:8443"}
{"level":"INFO","timestamp":"2026-02-27T23:05:25.757+0300","caller":"server/server.go:74","message":"INTERNAL_INFO","info_msg":"Using an existing TLS certificate..."}
{"level":"INFO","timestamp":"2026-02-27T23:08:14.825+0300","caller":"api/main.go:41","message":"Logger initialized successfully","level":"debug","log_file":"logs/app.log","development":true}
{"level":"INFO","timestamp":"2026-02-27T23:08:14.832+0300","caller":"api/main.go:73","message":"DATABASE_INFO","info_msg":"Connected to mongodb successfully..."}
{"level":"INFO","timestamp":"2026-02-27T23:08:14.836+0300","caller":"api/main.go:95","message":"INTERNAL_INFO","info_msg":"Starting the go server","server_address":"localhost:8443"}
{"level":"INFO","timestamp":"2026-02-27T23:08:14.836+0300","caller":"server/server.go:74","message":"INTERNAL_INFO","info_msg":"Using an existing TLS certificate..."}
{"level":"INFO","timestamp":"2026-02-27T23:09:32.889+0300","caller":"api/main.go:41","message":"Logger initialized successfully","level":"debug","log_file":"logs/app.log","development":true}
{"level":"INFO","timestamp":"2026-02-27T23:09:32.896+0300","caller":"api/main.go:73","message":"DATABASE_INFO","info_msg":"Connected to mongodb successfully..."}
{"level":"INFO","timestamp":"2026-02-27T23:09:32.899+0300","caller":"api/main.go:95","message":"INTERNAL_INFO","info_msg":"Starting the go server","server_address":"localhost:8443"}
{"level":"INFO","timestamp":"2026-02-27T23:09:32.899+0300","caller":"server/server.go:74","message":"INTERNAL_INFO","info_msg":"Using an existing TLS certificate..."}
{"level":"INFO","timestamp":"2026-02-27T23:10:18.375+0300","caller":"api/main.go:41","message":"Logger initialized successfully","level":"debug","log_file":"logs/app.log","development":true}
{"level":"INFO","timestamp":"2026-02-27T23:10:18.382+0300","caller":"api/main.go:73","message":"DATABASE_INFO","info_msg":"Connected to mongodb successfully..."}
{"level":"INFO","timestamp":"2026-02-27T23:10:18.386+0300","caller":"api/main.go:95","message":"INTERNAL_INFO","info_msg":"Starting the go server","server_address":"localhost:8443"}
{"level":"INFO","timestamp":"2026-02-27T23:10:18.386+0300","caller":"server/server.go:74","message":"INTERNAL_INFO","info_msg":"Using an existing TLS certificate..."}
{"level":"INFO","timestamp":"2026-02-27T23:10:50.607+0300","caller":"api/main.go:41","message":"Logger initialized successfully","level":"debug","log_file":"logs/app.log","development":true}
{"level":"INFO","timestamp":"2026-02-27T23:10:50.614+0300","caller":"api/main.go:73","message":"DATABASE_INFO","info_msg":"Connected to mongodb successfully..."}
{"level":"INFO","timestamp":"2026-02-27T23:10:50.618+0300","caller":"api/main.go:95","message":"INTERNAL_INFO","info_msg":"Starting the go server","server_address":"localhost:8443"}
{"level":"INFO","timestamp":"2026-02-27T23:10:50.618+0300","caller":"server/server.go:74","message":"INTERNAL_INFO","info_msg":"Using an existing TLS certificate..."}
{"level":"INFO","timestamp":"2026-02-27T23:12:14.481+0300","caller":"api/main.go:41","message":"Logger initialized successfully","level":"debug","log_file":"logs/app.log","development":true}
{"level":"INFO","timestamp":"2026-02-27T23:12:14.488+0300","caller":"api/main.go:73","message":"DATABASE_INFO","info_msg":"Connected to mongodb successfully..."}
{"level":"INFO","timestamp":"2026-02-27T23:12:14.491+0300","caller":"api/main.go:95","message":"INTERNAL_INFO","info_msg":"Starting the go server","server_address":"localhost:8443"}
{"level":"INFO","timestamp":"2026-02-27T23:12:14.491+0300","caller":"server/server.go:74","message":"INTERNAL_INFO","info_msg":"Using an existing TLS certificate..."}
{"level":"INFO","timestamp":"2026-02-27T23:12:36.901+0300","caller":"api/main.go:41","message":"Logger initialized successfully","level":"debug","log_file":"logs/app.log","development":true}
{"level":"INFO","timestamp":"2026-02-27T23:12:36.909+0300","caller":"api/main.go:73","message":"DATABASE_INFO","info_msg":"Connected to mongodb successfully..."}
{"level":"INFO","timestamp":"2026-02-27T23:12:36.913+0300","caller":"api/main.go:95","message":"INTERNAL_INFO","info_msg":"Starting the go server","server_address":"localhost:8443"}
{"level":"INFO","timestamp":"2026-02-27T23:12:36.913+0300","caller":"server/server.go:74","message":"INTERNAL_INFO","info_msg":"Using an existing TLS certificate..."}
{"level":"INFO","timestamp":"2026-02-27T23:12:44.163+0300","caller":"api/main.go:41","message":"Logger initialized successfully","level":"debug","log_file":"logs/app.log","development":true}
{"level":"INFO","timestamp":"2026-02-27T23:12:44.173+0300","caller":"api/main.go:73","message":"DATABASE_INFO","info_msg":"Connected to mongodb successfully..."}
{"level":"INFO","timestamp":"2026-02-27T23:12:44.175+0300","caller":"api/main.go:95","message":"INTERNAL_INFO","info_msg":"Starting the go server","server_address":"localhost:8443"}
{"level":"INFO","timestamp":"2026-02-27T23:12:44.175+0300","caller":"server/server.go:74","message":"INTERNAL_INFO","info_msg":"Using an existing TLS certificate..."}
{"level":"INFO","timestamp":"2026-02-27T23:14:41.441+0300","caller":"api/main.go:41","message":"Logger initialized successfully","level":"debug","log_file":"logs/app.log","development":true}
{"level":"INFO","timestamp":"2026-02-27T23:14:41.451+0300","caller":"api/main.go:73","message":"DATABASE_INFO","info_msg":"Connected to mongodb successfully..."}
{"level":"INFO","timestamp":"2026-02-27T23:14:41.454+0300","caller":"api/main.go:95","message":"INTERNAL_INFO","info_msg":"Starting the go server","server_address":"localhost:8443"}
{"level":"INFO","timestamp":"2026-02-27T23:14:41.454+0300","caller":"server/server.go:74","message":"INTERNAL_INFO","info_msg":"Using an existing TLS certificate..."}
{"level":"INFO","timestamp":"2026-02-27T23:15:00.547+0300","caller":"api/main.go:41","message":"Logger initialized successfully","level":"debug","log_file":"logs/app.log","development":true}
{"level":"INFO","timestamp":"2026-02-27T23:15:00.553+0300","caller":"api/main.go:73","message":"DATABASE_INFO","info_msg":"Connected to mongodb successfully..."}
{"level":"INFO","timestamp":"2026-02-27T23:15:00.557+0300","caller":"api/main.go:95","message":"INTERNAL_INFO","info_msg":"Starting the go server","server_address":"localhost:8443"}
{"level":"INFO","timestamp":"2026-02-27T23:15:00.557+0300","caller":"server/server.go:74","message":"INTERNAL_INFO","info_msg":"Using an existing TLS certificate..."}
{"level":"INFO","timestamp":"2026-02-27T23:17:45.928+0300","caller":"api/main.go:41","message":"Logger initialized successfully","level":"debug","log_file":"logs/app.log","development":true}
{"level":"INFO","timestamp":"2026-02-27T23:17:45.936+0300","caller":"api/main.go:73","message":"DATABASE_INFO","info_msg":"Connected to mongodb successfully..."}
{"level":"INFO","timestamp":"2026-02-27T23:17:45.938+0300","caller":"api/main.go:95","message":"INTERNAL_INFO","info_msg":"Starting the go server","server_address":"localhost:8443"}
{"level":"INFO","timestamp":"2026-02-27T23:17:45.938+0300","caller":"server/server.go:74","message":"INTERNAL_INFO","info_msg":"Using an existing TLS certificate..."}
{"level":"INFO","timestamp":"2026-02-27T23:18:58.943+0300","caller":"api/main.go:41","message":"Logger initialized successfully","level":"debug","log_file":"logs/app.log","development":true}
{"level":"INFO","timestamp":"2026-02-27T23:18:58.951+0300","caller":"api/main.go:73","message":"DATABASE_INFO","info_msg":"Connected to mongodb successfully..."}
{"level":"INFO","timestamp":"2026-02-27T23:18:58.954+0300","caller":"api/main.go:95","message":"INTERNAL_INFO","info_msg":"Starting the go server","server_address":"localhost:8443"}
{"level":"INFO","timestamp":"2026-02-27T23:18:58.954+0300","caller":"server/server.go:74","message":"INTERNAL_INFO","info_msg":"Using an existing TLS certificate..."}
{"level":"INFO","timestamp":"2026-02-27T23:19:34.212+0300","caller":"api/main.go:41","message":"Logger initialized successfully","level":"debug","log_file":"logs/app.log","development":true}
{"level":"INFO","timestamp":"2026-02-27T23:19:34.219+0300","caller":"api/main.go:73","message":"DATABASE_INFO","info_msg":"Connected to mongodb successfully..."}
{"level":"INFO","timestamp":"2026-02-27T23:19:34.222+0300","caller":"api/main.go:95","message":"INTERNAL_INFO","info_msg":"Starting the go server","server_address":"localhost:8443"}
{"level":"INFO","timestamp":"2026-02-27T23:19:34.222+0300","caller":"server/server.go:74","message":"INTERNAL_INFO","info_msg":"Using an existing TLS certificate..."}
{"level":"INFO","timestamp":"2026-02-27T23:21:00.763+0300","caller":"api/main.go:41","message":"Logger initialized successfully","level":"debug","log_file":"logs/app.log","development":true}
{"level":"INFO","timestamp":"2026-02-27T23:21:00.771+0300","caller":"api/main.go:73","message":"DATABASE_INFO","info_msg":"Connected to mongodb successfully..."}
{"level":"INFO","timestamp":"2026-02-27T23:21:00.774+0300","caller":"api/main.go:95","message":"INTERNAL_INFO","info_msg":"Starting the go server","server_address":"localhost:8443"}
{"level":"INFO","timestamp":"2026-02-27T23:21:00.774+0300","caller":"server/server.go:74","message":"INTERNAL_INFO","info_msg":"Using an existing TLS certificate..."}
{"level":"INFO","timestamp":"2026-02-27T23:22:31.990+0300","caller":"api/main.go:41","message":"Logger initialized successfully","level":"debug","log_file":"logs/app.log","development":true}
{"level":"INFO","timestamp":"2026-02-27T23:22:32.000+0300","caller":"api/main.go:73","message":"DATABASE_INFO","info_msg":"Connected to mongodb successfully..."}
{"level":"INFO","timestamp":"2026-02-27T23:22:32.005+0300","caller":"api/main.go:95","message":"INTERNAL_INFO","info_msg":"Starting the go server","server_address":"localhost:8443"}
{"level":"INFO","timestamp":"2026-02-27T23:22:32.005+0300","caller":"server/server.go:74","message":"INTERNAL_INFO","info_msg":"Using an existing TLS certificate..."}
{"level":"INFO","timestamp":"2026-02-27T23:22:43.310+0300","caller":"api/main.go:41","message":"Logger initialized successfully","level":"debug","log_file":"logs/app.log","development":true}
{"level":"INFO","timestamp":"2026-02-27T23:22:43.317+0300","caller":"api/main.go:73","message":"DATABASE_INFO","info_msg":"Connected to mongodb successfully..."}
{"level":"INFO","timestamp":"2026-02-27T23:22:43.321+0300","caller":"api/main.go:95","message":"INTERNAL_INFO","info_msg":"Starting the go server","server_address":"localhost:8443"}
{"level":"INFO","timestamp":"2026-02-27T23:22:43.321+0300","caller":"server/server.go:74","message":"INTERNAL_INFO","info_msg":"Using an existing TLS certificate..."}
{"level":"INFO","timestamp":"2026-02-27T23:23:19.903+0300","caller":"api/main.go:41","message":"Logger initialized successfully","level":"debug","log_file":"logs/app.log","development":true}
{"level":"INFO","timestamp":"2026-02-27T23:23:19.909+0300","caller":"api/main.go:73","message":"DATABASE_INFO","info_msg":"Connected to mongodb successfully..."}
{"level":"INFO","timestamp":"2026-02-27T23:23:19.912+0300","caller":"api/main.go:95","message":"INTERNAL_INFO","info_msg":"Starting the go server","server_address":"localhost:8443"}
{"level":"INFO","timestamp":"2026-02-27T23:23:19.912+0300","caller":"server/server.go:74","message":"INTERNAL_INFO","info_msg":"Using an existing TLS certificate..."}
{"level":"INFO","timestamp":"2026-02-27T23:23:25.998+0300","caller":"api/main.go:41","message":"Logger initialized successfully","level":"debug","log_file":"logs/app.log","development":true}
{"level":"INFO","timestamp":"2026-02-27T23:23:26.005+0300","caller":"api/main.go:73","message":"DATABASE_INFO","info_msg":"Connected to mongodb successfully..."}
{"level":"INFO","timestamp":"2026-02-27T23:23:26.008+0300","caller":"api/main.go:95","message":"INTERNAL_INFO","info_msg":"Starting the go server","server_address":"localhost:8443"}
{"level":"INFO","timestamp":"2026-02-27T23:23:26.009+0300","caller":"server/server.go:74","message":"INTERNAL_INFO","info_msg":"Using an existing TLS certificate..."}
{"level":"INFO","timestamp":"2026-02-27T23:23:53.427+0300","caller":"api/main.go:41","message":"Logger initialized successfully","level":"debug","log_file":"logs/app.log","development":true}
{"level":"INFO","timestamp":"2026-02-27T23:23:53.435+0300","caller":"api/main.go:73","message":"DATABASE_INFO","info_msg":"Connected to mongodb successfully..."}
{"level":"INFO","timestamp":"2026-02-27T23:23:53.437+0300","caller":"api/main.go:95","message":"INTERNAL_INFO","info_msg":"Starting the go server","server_address":"localhost:8443"}
{"level":"INFO","timestamp":"2026-02-27T23:23:53.437+0300","caller":"server/server.go:74","message":"INTERNAL_INFO","info_msg":"Using an existing TLS certificate..."}
{"level":"INFO","timestamp":"2026-02-27T23:23:57.114+0300","caller":"server/server.go:121","message":"INTERNAL_INFO","info_msg":"Shutdown signal recived","signal_type":"interrupt"}
{"level":"INFO","timestamp":"2026-02-27T23:23:57.115+0300","caller":"server/server.go:131","message":"INTERNAL_INFO","info_msg":"Shutting down the server..."}
{"level":"INFO","timestamp":"2026-02-27T23:23:57.115+0300","caller":"server/server.go:137","message":"INTERNAL_INFO","info_msg":"HTTP server shutdown gracefully..."}
{"level":"INFO","timestamp":"2026-02-27T23:26:02.029+0300","caller":"api/main.go:41","message":"Logger initialized successfully","level":"debug","log_file":"logs/app.log","development":true}
{"level":"INFO","timestamp":"2026-02-27T23:26:02.036+0300","caller":"api/main.go:73","message":"DATABASE_INFO","info_msg":"Connected to mongodb successfully..."}
{"level":"INFO","timestamp":"2026-02-27T23:27:04.085+0300","caller":"api/main.go:41","message":"Logger initialized successfully","level":"debug","log_file":"logs/app.log","development":true}
{"level":"INFO","timestamp":"2026-02-27T23:27:04.092+0300","caller":"api/main.go:73","message":"DATABASE_INFO","info_msg":"Connected to mongodb successfully..."}
{"level":"INFO","timestamp":"2026-02-27T23:28:16.722+0300","caller":"api/main.go:41","message":"Logger initialized successfully","level":"debug","log_file":"logs/app.log","development":true}
{"level":"INFO","timestamp":"2026-02-27T23:28:16.730+0300","caller":"api/main.go:73","message":"DATABASE_INFO","info_msg":"Connected to mongodb successfully..."}
{"level":"INFO","timestamp":"2026-02-27T23:28:16.733+0300","caller":"api/main.go:95","message":"INTERNAL_INFO","info_msg":"Starting the go server","server_address":"localhost:8443"}
{"level":"INFO","timestamp":"2026-02-27T23:28:16.733+0300","caller":"server/server.go:74","message":"INTERNAL_INFO","info_msg":"Using an existing TLS certificate..."}
{"level":"INFO","timestamp":"2026-02-27T23:28:28.240+0300","caller":"api/main.go:41","message":"Logger initialized successfully","level":"debug","log_file":"logs/app.log","development":true}
{"level":"INFO","timestamp":"2026-02-27T23:28:28.249+0300","caller":"api/main.go:73","message":"DATABASE_INFO","info_msg":"Connected to mongodb successfully..."}
{"level":"INFO","timestamp":"2026-02-27T23:28:28.252+0300","caller":"api/main.go:95","message":"INTERNAL_INFO","info_msg":"Starting the go server","server_address":"localhost:8443"}
{"level":"INFO","timestamp":"2026-02-27T23:28:28.252+0300","caller":"server/server.go:74","message":"INTERNAL_INFO","info_msg":"Using an existing TLS certificate..."}
{"level":"INFO","timestamp":"2026-02-27T23:37:16.092+0300","caller":"api/main.go:41","message":"Logger initialized successfully","level":"debug","log_file":"logs/app.log","development":true}
{"level":"INFO","timestamp":"2026-02-27T23:37:16.101+0300","caller":"api/main.go:73","message":"DATABASE_INFO","info_msg":"Connected to mongodb successfully..."}
{"level":"INFO","timestamp":"2026-02-27T23:37:16.105+0300","caller":"api/main.go:95","message":"INTERNAL_INFO","info_msg":"Starting the go server","server_address":"localhost:8443"}
{"level":"INFO","timestamp":"2026-02-27T23:37:16.105+0300","caller":"server/server.go:74","message":"INTERNAL_INFO","info_msg":"Using an existing TLS certificate..."}
{"level":"INFO","timestamp":"2026-02-27T23:41:03.724+0300","caller":"api/main.go:41","message":"Logger initialized successfully","level":"debug","log_file":"logs/app.log","development":true}
{"level":"INFO","timestamp":"2026-02-27T23:41:03.733+0300","caller":"api/main.go:73","message":"DATABASE_INFO","info_msg":"Connected to mongodb successfully..."}
{"level":"INFO","timestamp":"2026-02-27T23:41:03.736+0300","caller":"api/main.go:95","message":"INTERNAL_INFO","info_msg":"Starting the go server","server_address":"localhost:8443"}
{"level":"INFO","timestamp":"2026-02-27T23:41:03.736+0300","caller":"server/server.go:74","message":"INTERNAL_INFO","info_msg":"Using an existing TLS certificate..."}
{"level":"INFO","timestamp":"2026-02-27T23:41:38.843+0300","caller":"api/main.go:41","message":"Logger initialized successfully","level":"debug","log_file":"logs/app.log","development":true}
{"level":"INFO","timestamp":"2026-02-27T23:41:38.852+0300","caller":"api/main.go:73","message":"DATABASE_INFO","info_msg":"Connected to mongodb successfully..."}
{"level":"INFO","timestamp":"2026-02-27T23:41:38.855+0300","caller":"api/main.go:95","message":"INTERNAL_INFO","info_msg":"Starting the go server","server_address":"localhost:8443"}
{"level":"INFO","timestamp":"2026-02-27T23:41:38.855+0300","caller":"server/server.go:74","message":"INTERNAL_INFO","info_msg":"Using an existing TLS certificate..."}
{"level":"WARN","timestamp":"2026-02-27T23:41:46.660+0300","caller":"handler/user_handler.go:38","message":"INVALID_REQUEST","error_code":"INVALID_REQUEST","error_msg":"Invalid request body","error":"json: cannot unmarshal string into Go struct field CreateUserParams.is_active of type bool"}
{"level":"INFO","timestamp":"2026-02-27T23:42:21.863+0300","caller":"api/main.go:41","message":"Logger initialized successfully","level":"debug","log_file":"logs/app.log","development":true}
{"level":"INFO","timestamp":"2026-02-27T23:42:21.870+0300","caller":"api/main.go:73","message":"DATABASE_INFO","info_msg":"Connected to mongodb successfully..."}
{"level":"INFO","timestamp":"2026-02-27T23:42:21.873+0300","caller":"api/main.go:95","message":"INTERNAL_INFO","info_msg":"Starting the go server","server_address":"localhost:8443"}
{"level":"INFO","timestamp":"2026-02-27T23:42:21.873+0300","caller":"server/server.go:74","message":"INTERNAL_INFO","info_msg":"Using an existing TLS certificate..."}
{"level":"INFO","timestamp":"2026-02-27T23:42:33.333+0300","caller":"api/main.go:41","message":"Logger initialized successfully","level":"debug","log_file":"logs/app.log","development":true}
{"level":"INFO","timestamp":"2026-02-27T23:42:33.343+0300","caller":"api/main.go:73","message":"DATABASE_INFO","info_msg":"Connected to mongodb successfully..."}
{"level":"INFO","timestamp":"2026-02-27T23:42:33.346+0300","caller":"api/main.go:95","message":"INTERNAL_INFO","info_msg":"Starting the go server","server_address":"localhost:8443"}
{"level":"INFO","timestamp":"2026-02-27T23:42:33.346+0300","caller":"server/server.go:74","message":"INTERNAL_INFO","info_msg":"Using an existing TLS certificate..."}
{"level":"INFO","timestamp":"2026-02-27T23:45:55.433+0300","caller":"api/main.go:41","message":"Logger initialized successfully","level":"debug","log_file":"logs/app.log","development":true}
{"level":"INFO","timestamp":"2026-02-27T23:45:55.439+0300","caller":"api/main.go:73","message":"DATABASE_INFO","info_msg":"Connected to mongodb successfully..."}
{"level":"INFO","timestamp":"2026-02-27T23:45:55.442+0300","caller":"api/main.go:95","message":"INTERNAL_INFO","info_msg":"Starting the go server","server_address":"localhost:8443"}
{"level":"INFO","timestamp":"2026-02-27T23:45:55.442+0300","caller":"server/server.go:74","message":"INTERNAL_INFO","info_msg":"Using an existing TLS certificate..."}
{"level":"WARN","timestamp":"2026-02-27T23:45:56.847+0300","caller":"handler/user_handler.go:38","message":"INVALID_REQUEST","error_code":"INVALID_REQUEST","error_msg":"Invalid request body","error":"json: cannot unmarshal string into Go struct field CreateUserParams.is_active of type bool"}
{"level":"WARN","timestamp":"2026-02-27T23:46:53.555+0300","caller":"handler/user_handler.go:44","message":"INVALID_REQUEST","error_code":"INVALID_REQUEST","error_msg":"Invalid request body","error":"Key: 'CreateUserParams.PasswordHash' Error:Field validation for 'PasswordHash' failed on the 'max' tag"}
{"level":"INFO","timestamp":"2026-02-27T23:47:46.391+0300","caller":"api/main.go:41","message":"Logger initialized successfully","level":"debug","log_file":"logs/app.log","development":true}
{"level":"INFO","timestamp":"2026-02-27T23:47:46.398+0300","caller":"api/main.go:73","message":"DATABASE_INFO","info_msg":"Connected to mongodb successfully..."}
{"level":"INFO","timestamp":"2026-02-27T23:47:46.401+0300","caller":"api/main.go:95","message":"INTERNAL_INFO","info_msg":"Starting the go server","server_address":"localhost:8443"}
{"level":"INFO","timestamp":"2026-02-27T23:47:46.401+0300","caller":"server/server.go:74","message":"INTERNAL_INFO","info_msg":"Using an existing TLS certificate..."}
{"level":"INFO","timestamp":"2026-02-27T23:50:14.607+0300","caller":"api/main.go:41","message":"Logger initialized successfully","level":"debug","log_file":"logs/app.log","development":true}
{"level":"INFO","timestamp":"2026-02-27T23:50:14.614+0300","caller":"api/main.go:73","message":"DATABASE_INFO","info_msg":"Connected to mongodb successfully..."}
{"level":"INFO","timestamp":"2026-02-27T23:50:14.617+0300","caller":"api/main.go:95","message":"INTERNAL_INFO","info_msg":"Starting the go server","server_address":"localhost:8443"}
{"level":"INFO","timestamp":"2026-02-27T23:50:14.617+0300","caller":"server/server.go:74","message":"INTERNAL_INFO","info_msg":"Using an existing TLS certificate..."}
{"level":"INFO","timestamp":"2026-02-27T23:51:02.720+0300","caller":"api/main.go:41","message":"Logger initialized successfully","level":"debug","log_file":"logs/app.log","development":true}
{"level":"INFO","timestamp":"2026-02-27T23:51:02.727+0300","caller":"api/main.go:73","message":"DATABASE_INFO","info_msg":"Connected to mongodb successfully..."}
{"level":"INFO","timestamp":"2026-02-27T23:51:02.730+0300","caller":"api/main.go:95","message":"INTERNAL_INFO","info_msg":"Starting the go server","server_address":"localhost:8443"}
{"level":"INFO","timestamp":"2026-02-27T23:51:02.730+0300","caller":"server/server.go:74","message":"INTERNAL_INFO","info_msg":"Using an existing TLS certificate..."}
{"level":"ERROR","timestamp":"2026-02-27T23:51:05.169+0300","caller":"handler/user_handler.go:51","message":"DATABASE_ERROR","error_code":"DATABASE_ERROR","error_msg":"Failed to create user","error":"user already exists","stacktrace":"uot-exam/internal/adapters/inbound/http/router.(*Router).SetupRoutes.(*UserHandler).Create.func1\n\t/home/potato/Dev/final-project/internal/adapters/inbound/http/handler/user_handler.go:51\ngithub.com/gin-gonic/gin.(*Context).Next\n\t/home/potato/go/pkg/mod/github.com/gin-gonic/gin@v1.11.0/context.go:192\nuot-exam/internal/adapters/inbound/http/router.NewRouter.setSecurityHeaders.func2\n\t/home/potato/Dev/final-project/internal/adapters/inbound/http/router/router.go:99\ngithub.com/gin-gonic/gin.(*Context).Next\n\t/home/potato/go/pkg/mod/github.com/gin-gonic/gin@v1.11.0/context.go:192\nuot-exam/internal/adapters/inbound/http/router.NewRouter.Sessions.func1\n\t/home/potato/go/pkg/mod/github.com/gin-contrib/sessions@v1.0.4/sessions.go:54\ngithub.com/gin-gonic/gin.(*Context).Next\n\t/home/potato/go/pkg/mod/github.com/gin-gonic/gin@v1.11.0/context.go:192\ngithub.com/gin-gonic/gin.CustomRecoveryWithWriter.func1\n\t/home/potato/go/pkg/mod/github.com/gin-gonic/gin@v1.11.0/recovery.go:92\ngithub.com/gin-gonic/gin.(*Context).Next\n\t/home/potato/go/pkg/mod/github.com/gin-gonic/gin@v1.11.0/context.go:192\ngithub.com/gin-gonic/gin.LoggerWithConfig.func1\n\t/home/potato/go/pkg/mod/github.com/gin-gonic/gin@v1.11.0/logger.go:249\ngithub.com/gin-gonic/gin.(*Context).Next\n\t/home/potato/go/pkg/mod/github.com/gin-gonic/gin@v1.11.0/context.go:192\ngithub.com/gin-gonic/gin.(*Engine).handleHTTPRequest\n\t/home/potato/go/pkg/mod/github.com/gin-gonic/gin@v1.11.0/gin.go:689\ngithub.com/gin-gonic/gin.(*Engine).ServeHTTP\n\t/home/potato/go/pkg/mod/github.com/gin-gonic/gin@v1.11.0/gin.go:643\nnet/http.serverHandler.ServeHTTP\n\t/usr/lib/go/src/net/http/server.go:3311\nnet/http.(*conn).serve\n\t/usr/lib/go/src/net/http/server.go:2073"}
{"level":"ERROR","timestamp":"2026-02-27T23:51:06.367+0300","caller":"handler/user_handler.go:51","message":"DATABASE_ERROR","error_code":"DATABASE_ERROR","error_msg":"Failed to create user","error":"user already exists","stacktrace":"uot-exam/internal/adapters/inbound/http/router.(*Router).SetupRoutes.(*UserHandler).Create.func1\n\t/home/potato/Dev/final-project/internal/adapters/inbound/http/handler/user_handler.go:51\ngithub.com/gin-gonic/gin.(*Context).Next\n\t/home/potato/go/pkg/mod/github.com/gin-gonic/gin@v1.11.0/context.go:192\nuot-exam/internal/adapters/inbound/http/router.NewRouter.setSecurityHeaders.func2\n\t/home/potato/Dev/final-project/internal/adapters/inbound/http/router/router.go:99\ngithub.com/gin-gonic/gin.(*Context).Next\n\t/home/potato/go/pkg/mod/github.com/gin-gonic/gin@v1.11.0/context.go:192\nuot-exam/internal/adapters/inbound/http/router.NewRouter.Sessions.func1\n\t/home/potato/go/pkg/mod/github.com/gin-contrib/sessions@v1.0.4/sessions.go:54\ngithub.com/gin-gonic/gin.(*Context).Next\n\t/home/potato/go/pkg/mod/github.com/gin-gonic/gin@v1.11.0/context.go:192\ngithub.com/gin-gonic/gin.CustomRecoveryWithWriter.func1\n\t/home/potato/go/pkg/mod/github.com/gin-gonic/gin@v1.11.0/recovery.go:92\ngithub.com/gin-gonic/gin.(*Context).Next\n\t/home/potato/go/pkg/mod/github.com/gin-gonic/gin@v1.11.0/context.go:192\ngithub.com/gin-gonic/gin.LoggerWithConfig.func1\n\t/home/potato/go/pkg/mod/github.com/gin-gonic/gin@v1.11.0/logger.go:249\ngithub.com/gin-gonic/gin.(*Context).Next\n\t/home/potato/go/pkg/mod/github.com/gin-gonic/gin@v1.11.0/context.go:192\ngithub.com/gin-gonic/gin.(*Engine).handleHTTPRequest\n\t/home/potato/go/pkg/mod/github.com/gin-gonic/gin@v1.11.0/gin.go:689\ngithub.com/gin-gonic/gin.(*Engine).ServeHTTP\n\t/home/potato/go/pkg/mod/github.com/gin-gonic/gin@v1.11.0/gin.go:643\nnet/http.serverHandler.ServeHTTP\n\t/usr/lib/go/src/net/http/server.go:3311\nnet/http.(*conn).serve\n\t/usr/lib/go/src/net/http/server.go:2073"}
{"level":"ERROR","timestamp":"2026-02-27T23:51:08.126+0300","caller":"handler/user_handler.go:51","message":"DATABASE_ERROR","error_code":"DATABASE_ERROR","error_msg":"Failed to create user","error":"user already exists","stacktrace":"uot-exam/internal/adapters/inbound/http/router.(*Router).SetupRoutes.(*UserHandler).Create.func1\n\t/home/potato/Dev/final-project/internal/adapters/inbound/http/handler/user_handler.go:51\ngithub.com/gin-gonic/gin.(*Context).Next\n\t/home/potato/go/pkg/mod/github.com/gin-gonic/gin@v1.11.0/context.go:192\nuot-exam/internal/adapters/inbound/http/router.NewRouter.setSecurityHeaders.func2\n\t/home/potato/Dev/final-project/internal/adapters/inbound/http/router/router.go:99\ngithub.com/gin-gonic/gin.(*Context).Next\n\t/home/potato/go/pkg/mod/github.com/gin-gonic/gin@v1.11.0/context.go:192\nuot-exam/internal/adapters/inbound/http/router.NewRouter.Sessions.func1\n\t/home/potato/go/pkg/mod/github.com/gin-contrib/sessions@v1.0.4/sessions.go:54\ngithub.com/gin-gonic/gin.(*Context).Next\n\t/home/potato/go/pkg/mod/github.com/gin-gonic/gin@v1.11.0/context.go:192\ngithub.com/gin-gonic/gin.CustomRecoveryWithWriter.func1\n\t/home/potato/go/pkg/mod/github.com/gin-gonic/gin@v1.11.0/recovery.go:92\ngithub.com/gin-gonic/gin.(*Context).Next\n\t/home/potato/go/pkg/mod/github.com/gin-gonic/gin@v1.11.0/context.go:192\ngithub.com/gin-gonic/gin.LoggerWithConfig.func1\n\t/home/potato/go/pkg/mod/github.com/gin-gonic/gin@v1.11.0/logger.go:249\ngithub.com/gin-gonic/gin.(*Context).Next\n\t/home/potato/go/pkg/mod/github.com/gin-gonic/gin@v1.11.0/context.go:192\ngithub.com/gin-gonic/gin.(*Engine).handleHTTPRequest\n\t/home/potato/go/pkg/mod/github.com/gin-gonic/gin@v1.11.0/gin.go:689\ngithub.com/gin-gonic/gin.(*Engine).ServeHTTP\n\t/home/potato/go/pkg/mod/github.com/gin-gonic/gin@v1.11.0/gin.go:643\nnet/http.serverHandler.ServeHTTP\n\t/usr/lib/go/src/net/http/server.go:3311\nnet/http.(*conn).serve\n\t/usr/lib/go/src/net/http/server.go:2073"}
{"level":"INFO","timestamp":"2026-02-27T23:51:39.601+0300","caller":"api/main.go:41","message":"Logger initialized successfully","level":"debug","log_file":"logs/app.log","development":true}
{"level":"INFO","timestamp":"2026-02-27T23:51:39.610+0300","caller":"api/main.go:73","message":"DATABASE_INFO","info_msg":"Connected to mongodb successfully..."}
{"level":"INFO","timestamp":"2026-02-27T23:51:39.613+0300","caller":"api/main.go:95","message":"INTERNAL_INFO","info_msg":"Starting the go server","server_address":"localhost:8443"}
{"level":"INFO","timestamp":"2026-02-27T23:51:39.613+0300","caller":"server/server.go:74","message":"INTERNAL_INFO","info_msg":"Using an existing TLS certificate..."}
{"level":"ERROR","timestamp":"2026-02-27T23:51:40.292+0300","caller":"handler/user_handler.go:51","message":"DATABASE_ERROR","error_code":"DATABASE_ERROR","error_msg":"Failed to create user","error":"user already exists","stacktrace":"uot-exam/internal/adapters/inbound/http/router.(*Router).SetupRoutes.(*UserHandler).Create.func1\n\t/home/potato/Dev/final-project/internal/adapters/inbound/http/handler/user_handler.go:51\ngithub.com/gin-gonic/gin.(*Context).Next\n\t/home/potato/go/pkg/mod/github.com/gin-gonic/gin@v1.11.0/context.go:192\nuot-exam/internal/adapters/inbound/http/router.NewRouter.setSecurityHeaders.func2\n\t/home/potato/Dev/final-project/internal/adapters/inbound/http/router/router.go:99\ngithub.com/gin-gonic/gin.(*Context).Next\n\t/home/potato/go/pkg/mod/github.com/gin-gonic/gin@v1.11.0/context.go:192\nuot-exam/internal/adapters/inbound/http/router.NewRouter.Sessions.func1\n\t/home/potato/go/pkg/mod/github.com/gin-contrib/sessions@v1.0.4/sessions.go:54\ngithub.com/gin-gonic/gin.(*Context).Next\n\t/home/potato/go/pkg/mod/github.com/gin-gonic/gin@v1.11.0/context.go:192\ngithub.com/gin-gonic/gin.CustomRecoveryWithWriter.func1\n\t/home/potato/go/pkg/mod/github.com/gin-gonic/gin@v1.11.0/recovery.go:92\ngithub.com/gin-gonic/gin.(*Context).Next\n\t/home/potato/go/pkg/mod/github.com/gin-gonic/gin@v1.11.0/context.go:192\ngithub.com/gin-gonic/gin.LoggerWithConfig.func1\n\t/home/potato/go/pkg/mod/github.com/gin-gonic/gin@v1.11.0/logger.go:249\ngithub.com/gin-gonic/gin.(*Context).Next\n\t/home/potato/go/pkg/mod/github.com/gin-gonic/gin@v1.11.0/context.go:192\ngithub.com/gin-gonic/gin.(*Engine).handleHTTPRequest\n\t/home/potato/go/pkg/mod/github.com/gin-gonic/gin@v1.11.0/gin.go:689\ngithub.com/gin-gonic/gin.(*Engine).ServeHTTP\n\t/home/potato/go/pkg/mod/github.com/gin-gonic/gin@v1.11.0/gin.go:643\nnet/http.serverHandler.ServeHTTP\n\t/usr/lib/go/src/net/http/server.go:3311\nnet/http.(*conn).serve\n\t/usr/lib/go/src/net/http/server.go:2073"}
{"level":"INFO","timestamp":"2026-02-27T23:51:58.565+0300","caller":"api/main.go:41","message":"Logger initialized successfully","level":"debug","log_file":"logs/app.log","development":true}
{"level":"INFO","timestamp":"2026-02-27T23:51:58.572+0300","caller":"api/main.go:73","message":"DATABASE_INFO","info_msg":"Connected to mongodb successfully..."}
{"level":"INFO","timestamp":"2026-02-27T23:51:58.575+0300","caller":"api/main.go:95","message":"INTERNAL_INFO","info_msg":"Starting the go server","server_address":"localhost:8443"}
{"level":"INFO","timestamp":"2026-02-27T23:51:58.575+0300","caller":"server/server.go:74","message":"INTERNAL_INFO","info_msg":"Using an existing TLS certificate..."}
{"level":"ERROR","timestamp":"2026-02-27T23:51:59.389+0300","caller":"handler/user_handler.go:51","message":"DATABASE_ERROR","error_code":"DATABASE_ERROR","error_msg":"Failed to create user","error":"user already exists","stacktrace":"uot-exam/internal/adapters/inbound/http/router.(*Router).SetupRoutes.(*UserHandler).Create.func1\n\t/home/potato/Dev/final-project/internal/adapters/inbound/http/handler/user_handler.go:51\ngithub.com/gin-gonic/gin.(*Context).Next\n\t/home/potato/go/pkg/mod/github.com/gin-gonic/gin@v1.11.0/context.go:192\nuot-exam/internal/adapters/inbound/http/router.NewRouter.setSecurityHeaders.func2\n\t/home/potato/Dev/final-project/internal/adapters/inbound/http/router/router.go:99\ngithub.com/gin-gonic/gin.(*Context).Next\n\t/home/potato/go/pkg/mod/github.com/gin-gonic/gin@v1.11.0/context.go:192\nuot-exam/internal/adapters/inbound/http/router.NewRouter.Sessions.func1\n\t/home/potato/go/pkg/mod/github.com/gin-contrib/sessions@v1.0.4/sessions.go:54\ngithub.com/gin-gonic/gin.(*Context).Next\n\t/home/potato/go/pkg/mod/github.com/gin-gonic/gin@v1.11.0/context.go:192\ngithub.com/gin-gonic/gin.CustomRecoveryWithWriter.func1\n\t/home/potato/go/pkg/mod/github.com/gin-gonic/gin@v1.11.0/recovery.go:92\ngithub.com/gin-gonic/gin.(*Context).Next\n\t/home/potato/go/pkg/mod/github.com/gin-gonic/gin@v1.11.0/context.go:192\ngithub.com/gin-gonic/gin.LoggerWithConfig.func1\n\t/home/potato/go/pkg/mod/github.com/gin-gonic/gin@v1.11.0/logger.go:249\ngithub.com/gin-gonic/gin.(*Context).Next\n\t/home/potato/go/pkg/mod/github.com/gin-gonic/gin@v1.11.0/context.go:192\ngithub.com/gin-gonic/gin.(*Engine).handleHTTPRequest\n\t/home/potato/go/pkg/mod/github.com/gin-gonic/gin@v1.11.0/gin.go:689\ngithub.com/gin-gonic/gin.(*Engine).ServeHTTP\n\t/home/potato/go/pkg/mod/github.com/gin-gonic/gin@v1.11.0/gin.go:643\nnet/http.serverHandler.ServeHTTP\n\t/usr/lib/go/src/net/http/server.go:3311\nnet/http.(*conn).serve\n\t/usr/lib/go/src/net/http/server.go:2073"}
{"level":"INFO","timestamp":"2026-02-27T23:57:01.330+0300","caller":"api/main.go:41","message":"Logger initialized successfully","level":"debug","log_file":"logs/app.log","development":true}
{"level":"INFO","timestamp":"2026-02-27T23:57:01.337+0300","caller":"api/main.go:73","message":"DATABASE_INFO","info_msg":"Connected to mongodb successfully..."}
{"level":"INFO","timestamp":"2026-02-27T23:57:01.339+0300","caller":"api/main.go:95","message":"INTERNAL_INFO","info_msg":"Starting the go server","server_address":"localhost:8443"}
{"level":"INFO","timestamp":"2026-02-27T23:57:01.340+0300","caller":"server/server.go:74","message":"INTERNAL_INFO","info_msg":"Using an existing TLS certificate..."}
{"level":"WARN","timestamp":"2026-02-27T23:57:03.041+0300","caller":"handler/user_handler.go:51","message":"DATABASE_ERROR","error_code":"DATABASE_ERROR","error_msg":"Failed to create user","error":"user already exists"}
{"level":"WARN","timestamp":"2026-02-28T00:17:26.170+0300","caller":"handler/user_handler.go:51","message":"DATABASE_ERROR","error_code":"DATABASE_ERROR","error_msg":"Failed to create user","error":"user already exists"}
{"level":"INFO","timestamp":"2026-02-28T00:18:19.064+0300","caller":"api/main.go:41","message":"Logger initialized successfully","level":"debug","log_file":"logs/app.log","development":true}
{"level":"INFO","timestamp":"2026-02-28T00:18:19.072+0300","caller":"api/main.go:73","message":"DATABASE_INFO","info_msg":"Connected to mongodb successfully..."}
{"level":"INFO","timestamp":"2026-02-28T00:18:19.074+0300","caller":"api/main.go:95","message":"INTERNAL_INFO","info_msg":"Starting the go server","server_address":"localhost:8443"}
{"level":"INFO","timestamp":"2026-02-28T00:18:19.075+0300","caller":"server/server.go:74","message":"INTERNAL_INFO","info_msg":"Using an existing TLS certificate..."}
{"level":"INFO","timestamp":"2026-02-28T00:18:36.430+0300","caller":"api/main.go:41","message":"Logger initialized successfully","level":"debug","log_file":"logs/app.log","development":true}
{"level":"INFO","timestamp":"2026-02-28T00:18:36.438+0300","caller":"api/main.go:73","message":"DATABASE_INFO","info_msg":"Connected to mongodb successfully..."}
{"level":"INFO","timestamp":"2026-02-28T00:18:36.441+0300","caller":"api/main.go:95","message":"INTERNAL_INFO","info_msg":"Starting the go server","server_address":"localhost:8443"}
{"level":"INFO","timestamp":"2026-02-28T00:18:36.441+0300","caller":"server/server.go:74","message":"INTERNAL_INFO","info_msg":"Using an existing TLS certificate..."}
{"level":"INFO","timestamp":"2026-02-28T00:18:57.958+0300","caller":"api/main.go:41","message":"Logger initialized successfully","level":"debug","log_file":"logs/app.log","development":true}
{"level":"INFO","timestamp":"2026-02-28T00:18:57.968+0300","caller":"api/main.go:73","message":"DATABASE_INFO","info_msg":"Connected to mongodb successfully..."}
{"level":"INFO","timestamp":"2026-02-28T00:18:57.971+0300","caller":"api/main.go:95","message":"INTERNAL_INFO","info_msg":"Starting the go server","server_address":"localhost:8443"}
{"level":"INFO","timestamp":"2026-02-28T00:18:57.971+0300","caller":"server/server.go:74","message":"INTERNAL_INFO","info_msg":"Using an existing TLS certificate..."}
